BEGIN TRANSACTION;
CREATE TABLE IF NOT EXISTS "public.vacancy" (
	"id"	TEXT,
	"name"	TEXT,
	"deleted_at"	TEXT
);
CREATE TABLE IF NOT EXISTS "public.worktype" (
	"id"	TEXT,
	"name"	TEXT,
	"deleted_at"	TEXT
);
CREATE TABLE IF NOT EXISTS "public.project" (
	"id"	TEXT,
	"name"	TEXT,
	"deleted_at"	TEXT
);
CREATE TABLE IF NOT EXISTS "public.dailyplan" (
	"id"	TEXT,
	"date"	TEXT,
	"estimated_time"	TEXT,
	"deleted_at"	TEXT,
	"project_id"	TEXT,
	"vacancy_id"	TEXT,
	"worker_id"	TEXT
);
CREATE TABLE IF NOT EXISTS "public.dailylog" (
	"id"	TEXT,
	"date"	TEXT,
	"spent_time"	TEXT,
	"task_name"	TEXT,
	"task_comment"	TEXT,
	"deleted_at"	TEXT,
	"project_id"	TEXT,
	"work_type_id"	TEXT,
	"worker_id"	TEXT
);
CREATE TABLE IF NOT EXISTS "public.worker" (
	"id"	TEXT,
	"name"	TEXT,
	"deleted_at"	TEXT
);
CREATE TABLE IF NOT EXISTS "public.projectworker" (
	"id"	TEXT,
	"start_date"	TEXT,
	"end_date"	TEXT,
	"is_parttime"	TEXT,
	"deleted_at"	TEXT,
	"project_id"	TEXT,
	"vacancy_on_project_id"	TEXT,
	"worker_id"	TEXT
);
INSERT INTO "public.vacancy" VALUES ('1','PM','');
INSERT INTO "public.vacancy" VALUES ('2','Developer','');
INSERT INTO "public.vacancy" VALUES ('3','QA','');
INSERT INTO "public.worktype" VALUES ('1','IPR','');
INSERT INTO "public.worktype" VALUES ('2','Project','');
INSERT INTO "public.worktype" VALUES ('3','Help on presales project','');
INSERT INTO "public.project" VALUES ('1','Project Galaxy','');
INSERT INTO "public.project" VALUES ('2','Eco Project','');
INSERT INTO "public.project" VALUES ('3','Gemstone Project','');
INSERT INTO "public.project" VALUES ('4','Axion Project','');
INSERT INTO "public.project" VALUES ('5','Appliance Project','');
INSERT INTO "public.project" VALUES ('6','Project Red','');
INSERT INTO "public.dailyplan" VALUES ('1','2020-01-30','08:00:00','','5','2','4');
INSERT INTO "public.dailyplan" VALUES ('2','2020-01-31','08:00:00','','5','2','4');
INSERT INTO "public.dailyplan" VALUES ('3','2020-02-01','08:00:00','','5','2','4');
INSERT INTO "public.dailyplan" VALUES ('4','2020-02-02','08:00:00','','5','2','4');
INSERT INTO "public.dailyplan" VALUES ('5','2020-02-03','08:00:00','','5','2','4');
INSERT INTO "public.dailyplan" VALUES ('6','2020-02-04','08:00:00','','5','2','4');
INSERT INTO "public.dailyplan" VALUES ('7','2020-02-05','08:00:00','','5','2','4');
INSERT INTO "public.dailyplan" VALUES ('8','2020-02-06','08:00:00','','5','2','4');
INSERT INTO "public.dailyplan" VALUES ('9','2020-02-07','08:00:00','','5','2','4');
INSERT INTO "public.dailyplan" VALUES ('10','2020-02-08','08:00:00','','5','2','4');
INSERT INTO "public.dailyplan" VALUES ('11','2020-02-09','08:00:00','','5','2','4');
INSERT INTO "public.dailyplan" VALUES ('12','2020-02-10','08:00:00','','5','2','4');
INSERT INTO "public.dailyplan" VALUES ('13','2020-02-11','08:00:00','','5','2','4');
INSERT INTO "public.dailyplan" VALUES ('14','2020-02-12','08:00:00','','5','2','4');
INSERT INTO "public.dailyplan" VALUES ('15','2020-02-13','08:00:00','','5','2','4');
INSERT INTO "public.dailyplan" VALUES ('16','2020-02-14','08:00:00','','5','2','4');
INSERT INTO "public.dailyplan" VALUES ('17','2020-01-30','08:00:00','','1','2','5');
INSERT INTO "public.dailyplan" VALUES ('18','2020-01-31','08:00:00','','1','2','5');
INSERT INTO "public.dailyplan" VALUES ('19','2020-02-01','08:00:00','','1','2','5');
INSERT INTO "public.dailyplan" VALUES ('20','2020-02-02','08:00:00','','1','2','5');
INSERT INTO "public.dailyplan" VALUES ('21','2020-02-03','08:00:00','','1','2','5');
INSERT INTO "public.dailyplan" VALUES ('22','2020-02-04','08:00:00','','1','2','5');
INSERT INTO "public.dailyplan" VALUES ('23','2020-02-05','08:00:00','','1','2','5');
INSERT INTO "public.dailyplan" VALUES ('24','2020-02-06','08:00:00','','1','2','5');
INSERT INTO "public.dailyplan" VALUES ('25','2020-02-07','08:00:00','','1','2','5');
INSERT INTO "public.dailyplan" VALUES ('26','2020-02-08','08:00:00','','1','2','5');
INSERT INTO "public.dailyplan" VALUES ('27','2020-02-09','08:00:00','','1','2','5');
INSERT INTO "public.dailyplan" VALUES ('28','2020-02-10','08:00:00','','1','2','5');
INSERT INTO "public.dailyplan" VALUES ('29','2020-02-11','08:00:00','','1','2','5');
INSERT INTO "public.dailyplan" VALUES ('30','2020-02-12','08:00:00','','1','2','5');
INSERT INTO "public.dailyplan" VALUES ('31','2020-02-13','08:00:00','','1','2','5');
INSERT INTO "public.dailyplan" VALUES ('32','2020-02-14','08:00:00','','1','2','5');
INSERT INTO "public.dailyplan" VALUES ('33','2020-02-15','08:00:00','','4','2','5');
INSERT INTO "public.dailyplan" VALUES ('34','2020-02-16','08:00:00','','4','2','5');
INSERT INTO "public.dailyplan" VALUES ('35','2020-02-17','08:00:00','','4','2','5');
INSERT INTO "public.dailyplan" VALUES ('36','2020-02-18','08:00:00','','4','2','5');
INSERT INTO "public.dailyplan" VALUES ('37','2020-02-19','08:00:00','','4','2','5');
INSERT INTO "public.dailyplan" VALUES ('38','2020-02-20','08:00:00','','4','2','5');
INSERT INTO "public.dailyplan" VALUES ('39','2020-02-21','08:00:00','','4','2','5');
INSERT INTO "public.dailyplan" VALUES ('40','2020-02-22','08:00:00','','4','2','5');
INSERT INTO "public.dailyplan" VALUES ('41','2020-02-23','08:00:00','','4','2','5');
INSERT INTO "public.dailyplan" VALUES ('42','2020-02-24','08:00:00','','4','2','5');
INSERT INTO "public.dailyplan" VALUES ('43','2020-02-25','08:00:00','','4','2','5');
INSERT INTO "public.dailyplan" VALUES ('44','2020-02-26','08:00:00','','4','2','5');
INSERT INTO "public.dailyplan" VALUES ('45','2020-02-27','08:00:00','','4','2','5');
INSERT INTO "public.dailyplan" VALUES ('46','2020-02-28','08:00:00','','4','2','5');
INSERT INTO "public.dailyplan" VALUES ('47','2020-02-29','08:00:00','','4','2','5');
INSERT INTO "public.dailyplan" VALUES ('48','2020-03-01','08:00:00','','4','2','5');
INSERT INTO "public.dailyplan" VALUES ('49','2020-03-02','08:00:00','','4','2','5');
INSERT INTO "public.dailyplan" VALUES ('50','2020-03-03','08:00:00','','4','2','5');
INSERT INTO "public.dailyplan" VALUES ('51','2020-01-30','08:00:00','','3','2','7');
INSERT INTO "public.dailyplan" VALUES ('52','2020-01-31','08:00:00','','3','2','7');
INSERT INTO "public.dailyplan" VALUES ('53','2020-02-01','08:00:00','','3','2','7');
INSERT INTO "public.dailyplan" VALUES ('54','2020-02-02','08:00:00','','3','2','7');
INSERT INTO "public.dailyplan" VALUES ('55','2020-02-03','08:00:00','','3','2','7');
INSERT INTO "public.dailyplan" VALUES ('56','2020-02-04','08:00:00','','3','2','7');
INSERT INTO "public.dailyplan" VALUES ('57','2020-02-05','08:00:00','','3','2','7');
INSERT INTO "public.dailyplan" VALUES ('58','2020-02-06','08:00:00','','3','2','7');
INSERT INTO "public.dailyplan" VALUES ('59','2020-02-07','08:00:00','','3','2','7');
INSERT INTO "public.dailyplan" VALUES ('60','2020-02-08','08:00:00','','3','2','7');
INSERT INTO "public.dailyplan" VALUES ('61','2020-02-09','08:00:00','','3','2','7');
INSERT INTO "public.dailyplan" VALUES ('62','2020-02-10','08:00:00','','3','2','7');
INSERT INTO "public.dailyplan" VALUES ('63','2020-02-11','08:00:00','','3','2','7');
INSERT INTO "public.dailyplan" VALUES ('64','2020-02-12','08:00:00','','3','2','7');
INSERT INTO "public.dailyplan" VALUES ('65','2020-02-13','08:00:00','','3','2','7');
INSERT INTO "public.dailyplan" VALUES ('66','2020-02-14','08:00:00','','3','2','7');
INSERT INTO "public.dailyplan" VALUES ('67','2020-02-15','08:00:00','','2','2','7');
INSERT INTO "public.dailyplan" VALUES ('68','2020-02-16','08:00:00','','2','2','7');
INSERT INTO "public.dailyplan" VALUES ('69','2020-02-17','08:00:00','','2','2','7');
INSERT INTO "public.dailyplan" VALUES ('70','2020-02-18','08:00:00','','2','2','7');
INSERT INTO "public.dailyplan" VALUES ('71','2020-02-19','08:00:00','','2','2','7');
INSERT INTO "public.dailyplan" VALUES ('72','2020-02-20','08:00:00','','2','2','7');
INSERT INTO "public.dailyplan" VALUES ('73','2020-02-21','08:00:00','','2','2','7');
INSERT INTO "public.dailyplan" VALUES ('74','2020-02-22','08:00:00','','2','2','7');
INSERT INTO "public.dailyplan" VALUES ('75','2020-02-23','08:00:00','','2','2','7');
INSERT INTO "public.dailyplan" VALUES ('76','2020-02-24','08:00:00','','2','2','7');
INSERT INTO "public.dailyplan" VALUES ('77','2020-02-25','08:00:00','','2','2','7');
INSERT INTO "public.dailyplan" VALUES ('78','2020-02-26','08:00:00','','2','2','7');
INSERT INTO "public.dailyplan" VALUES ('79','2020-02-27','08:00:00','','2','2','7');
INSERT INTO "public.dailyplan" VALUES ('80','2020-02-28','08:00:00','','2','2','7');
INSERT INTO "public.dailyplan" VALUES ('81','2020-02-29','08:00:00','','2','2','7');
INSERT INTO "public.dailyplan" VALUES ('82','2020-03-01','08:00:00','','2','2','7');
INSERT INTO "public.dailyplan" VALUES ('83','2020-03-02','08:00:00','','2','2','7');
INSERT INTO "public.dailyplan" VALUES ('84','2020-03-03','08:00:00','','2','2','7');
INSERT INTO "public.dailyplan" VALUES ('85','2020-01-30','08:00:00','','2','2','8');
INSERT INTO "public.dailyplan" VALUES ('86','2020-01-31','08:00:00','','2','2','8');
INSERT INTO "public.dailyplan" VALUES ('87','2020-02-01','08:00:00','','2','2','8');
INSERT INTO "public.dailyplan" VALUES ('88','2020-02-02','08:00:00','','2','2','8');
INSERT INTO "public.dailyplan" VALUES ('89','2020-02-03','08:00:00','','2','2','8');
INSERT INTO "public.dailyplan" VALUES ('90','2020-02-04','08:00:00','','2','2','8');
INSERT INTO "public.dailyplan" VALUES ('91','2020-02-05','08:00:00','','2','2','8');
INSERT INTO "public.dailyplan" VALUES ('92','2020-02-06','08:00:00','','2','2','8');
INSERT INTO "public.dailyplan" VALUES ('93','2020-02-07','08:00:00','','2','2','8');
INSERT INTO "public.dailyplan" VALUES ('94','2020-02-08','08:00:00','','2','2','8');
INSERT INTO "public.dailyplan" VALUES ('95','2020-02-09','08:00:00','','2','2','8');
INSERT INTO "public.dailyplan" VALUES ('96','2020-02-10','08:00:00','','2','2','8');
INSERT INTO "public.dailyplan" VALUES ('97','2020-02-11','08:00:00','','2','2','8');
INSERT INTO "public.dailyplan" VALUES ('98','2020-02-12','08:00:00','','2','2','8');
INSERT INTO "public.dailyplan" VALUES ('99','2020-02-13','08:00:00','','2','2','8');
INSERT INTO "public.dailyplan" VALUES ('100','2020-02-14','08:00:00','','2','2','8');
INSERT INTO "public.dailyplan" VALUES ('101','2020-02-15','08:00:00','','1','2','8');
INSERT INTO "public.dailyplan" VALUES ('102','2020-02-16','08:00:00','','1','2','8');
INSERT INTO "public.dailyplan" VALUES ('103','2020-02-17','08:00:00','','1','2','8');
INSERT INTO "public.dailyplan" VALUES ('104','2020-02-18','08:00:00','','1','2','8');
INSERT INTO "public.dailyplan" VALUES ('105','2020-02-19','08:00:00','','1','2','8');
INSERT INTO "public.dailyplan" VALUES ('106','2020-02-20','08:00:00','','1','2','8');
INSERT INTO "public.dailyplan" VALUES ('107','2020-02-21','08:00:00','','1','2','8');
INSERT INTO "public.dailyplan" VALUES ('108','2020-02-22','08:00:00','','1','2','8');
INSERT INTO "public.dailyplan" VALUES ('109','2020-02-23','08:00:00','','1','2','8');
INSERT INTO "public.dailyplan" VALUES ('110','2020-02-24','08:00:00','','1','2','8');
INSERT INTO "public.dailyplan" VALUES ('111','2020-02-25','08:00:00','','1','2','8');
INSERT INTO "public.dailyplan" VALUES ('112','2020-02-26','08:00:00','','1','2','8');
INSERT INTO "public.dailyplan" VALUES ('113','2020-02-27','08:00:00','','1','2','8');
INSERT INTO "public.dailyplan" VALUES ('114','2020-02-28','08:00:00','','1','2','8');
INSERT INTO "public.dailyplan" VALUES ('115','2020-02-29','08:00:00','','1','2','8');
INSERT INTO "public.dailyplan" VALUES ('116','2020-03-01','08:00:00','','1','2','8');
INSERT INTO "public.dailyplan" VALUES ('117','2020-03-02','08:00:00','','1','2','8');
INSERT INTO "public.dailyplan" VALUES ('118','2020-03-03','08:00:00','','1','2','8');
INSERT INTO "public.dailyplan" VALUES ('119','2020-01-30','04:00:00','','1','3','9');
INSERT INTO "public.dailyplan" VALUES ('120','2020-01-31','04:00:00','','1','3','9');
INSERT INTO "public.dailyplan" VALUES ('121','2020-02-01','04:00:00','','1','3','9');
INSERT INTO "public.dailyplan" VALUES ('122','2020-02-02','04:00:00','','1','3','9');
INSERT INTO "public.dailyplan" VALUES ('123','2020-02-03','04:00:00','','1','3','9');
INSERT INTO "public.dailyplan" VALUES ('124','2020-02-04','04:00:00','','1','3','9');
INSERT INTO "public.dailyplan" VALUES ('125','2020-02-05','04:00:00','','1','3','9');
INSERT INTO "public.dailyplan" VALUES ('126','2020-02-06','04:00:00','','1','3','9');
INSERT INTO "public.dailyplan" VALUES ('127','2020-02-07','04:00:00','','1','3','9');
INSERT INTO "public.dailyplan" VALUES ('128','2020-02-08','04:00:00','','1','3','9');
INSERT INTO "public.dailyplan" VALUES ('129','2020-02-09','04:00:00','','1','3','9');
INSERT INTO "public.dailyplan" VALUES ('130','2020-02-10','04:00:00','','1','3','9');
INSERT INTO "public.dailyplan" VALUES ('131','2020-02-11','04:00:00','','1','3','9');
INSERT INTO "public.dailyplan" VALUES ('132','2020-02-12','04:00:00','','1','3','9');
INSERT INTO "public.dailyplan" VALUES ('133','2020-02-13','04:00:00','','1','3','9');
INSERT INTO "public.dailyplan" VALUES ('134','2020-02-14','04:00:00','','1','3','9');
INSERT INTO "public.dailyplan" VALUES ('135','2020-02-15','04:00:00','','1','3','9');
INSERT INTO "public.dailyplan" VALUES ('136','2020-02-16','04:00:00','','1','3','9');
INSERT INTO "public.dailyplan" VALUES ('137','2020-02-17','04:00:00','','1','3','9');
INSERT INTO "public.dailyplan" VALUES ('138','2020-02-18','04:00:00','','1','3','9');
INSERT INTO "public.dailyplan" VALUES ('139','2020-02-19','04:00:00','','1','3','9');
INSERT INTO "public.dailyplan" VALUES ('140','2020-02-20','04:00:00','','1','3','9');
INSERT INTO "public.dailyplan" VALUES ('141','2020-02-21','04:00:00','','1','3','9');
INSERT INTO "public.dailyplan" VALUES ('142','2020-02-22','04:00:00','','1','3','9');
INSERT INTO "public.dailyplan" VALUES ('143','2020-02-23','04:00:00','','1','3','9');
INSERT INTO "public.dailyplan" VALUES ('144','2020-02-24','04:00:00','','1','3','9');
INSERT INTO "public.dailyplan" VALUES ('145','2020-02-25','04:00:00','','1','3','9');
INSERT INTO "public.dailyplan" VALUES ('146','2020-02-26','04:00:00','','1','3','9');
INSERT INTO "public.dailyplan" VALUES ('147','2020-01-30','04:00:00','','3','3','10');
INSERT INTO "public.dailyplan" VALUES ('148','2020-01-31','04:00:00','','3','3','10');
INSERT INTO "public.dailyplan" VALUES ('149','2020-02-01','04:00:00','','3','3','10');
INSERT INTO "public.dailyplan" VALUES ('150','2020-02-02','04:00:00','','3','3','10');
INSERT INTO "public.dailyplan" VALUES ('151','2020-02-03','04:00:00','','3','3','10');
INSERT INTO "public.dailyplan" VALUES ('152','2020-02-04','04:00:00','','3','3','10');
INSERT INTO "public.dailyplan" VALUES ('153','2020-02-05','04:00:00','','3','3','10');
INSERT INTO "public.dailyplan" VALUES ('154','2020-02-06','04:00:00','','3','3','10');
INSERT INTO "public.dailyplan" VALUES ('155','2020-02-07','04:00:00','','3','3','10');
INSERT INTO "public.dailyplan" VALUES ('156','2020-02-08','04:00:00','','3','3','10');
INSERT INTO "public.dailyplan" VALUES ('157','2020-02-09','04:00:00','','3','3','10');
INSERT INTO "public.dailyplan" VALUES ('158','2020-02-10','04:00:00','','3','3','10');
INSERT INTO "public.dailyplan" VALUES ('159','2020-02-11','04:00:00','','3','3','10');
INSERT INTO "public.dailyplan" VALUES ('160','2020-02-12','04:00:00','','3','3','10');
INSERT INTO "public.dailyplan" VALUES ('161','2020-02-13','04:00:00','','3','3','10');
INSERT INTO "public.dailyplan" VALUES ('162','2020-02-14','04:00:00','','3','3','10');
INSERT INTO "public.dailyplan" VALUES ('163','2020-02-15','04:00:00','','3','3','10');
INSERT INTO "public.dailyplan" VALUES ('164','2020-02-16','04:00:00','','3','3','10');
INSERT INTO "public.dailyplan" VALUES ('165','2020-02-17','04:00:00','','3','3','10');
INSERT INTO "public.dailyplan" VALUES ('166','2020-02-18','04:00:00','','3','3','10');
INSERT INTO "public.dailyplan" VALUES ('167','2020-02-19','04:00:00','','3','3','10');
INSERT INTO "public.dailyplan" VALUES ('168','2020-02-20','04:00:00','','3','3','10');
INSERT INTO "public.dailyplan" VALUES ('169','2020-02-21','04:00:00','','3','3','10');
INSERT INTO "public.dailyplan" VALUES ('170','2020-02-22','04:00:00','','3','3','10');
INSERT INTO "public.dailyplan" VALUES ('171','2020-02-23','04:00:00','','3','3','10');
INSERT INTO "public.dailyplan" VALUES ('172','2020-02-24','04:00:00','','3','3','10');
INSERT INTO "public.dailyplan" VALUES ('173','2020-02-25','04:00:00','','3','3','10');
INSERT INTO "public.dailyplan" VALUES ('174','2020-02-26','04:00:00','','3','3','10');
INSERT INTO "public.dailylog" VALUES ('1','2020-01-29','04:00:00','Help on presales project','Environmental role hold book. Type employee without wear sister he staff size. All red win leg before would.','','','3','4');
INSERT INTO "public.dailylog" VALUES ('2','2020-01-30','04:00:00','IPR','Book situation paper old day from. Science boy professional draw.
History service much camera. Might ball them similar.','','','1','4');
INSERT INTO "public.dailylog" VALUES ('3','2020-01-31','04:00:00','IPR','Me understand seven claim.','','','1','4');
INSERT INTO "public.dailylog" VALUES ('4','2020-02-01','03:00:00','IPR','Understand when tonight artist. Institution sign star moment them if tough trade. Couple hospital whose along hit inside end.','','','1','4');
INSERT INTO "public.dailylog" VALUES ('5','2020-02-02','03:00:00','IPR','Whatever ever ball computer popular past possible. Brother decade bill time. None whom fill not least.','','','1','4');
INSERT INTO "public.dailylog" VALUES ('6','2020-02-03','07:00:00','Task-1035','Onto respond follow practice drive themselves play program. Rest summer leg.','','5','2','4');
INSERT INTO "public.dailylog" VALUES ('7','2020-02-04','04:00:00','IPR','Effort they accept sure consider wide his. Fire condition then civil look tough character.
Whom bar guess night southern. Senior song open top bed.','','','1','4');
INSERT INTO "public.dailylog" VALUES ('8','2020-02-05','06:00:00','Task-2240','Throw development situation high call market. Story drug attack property act student wonder. Wear foreign behavior we outside.','','5','2','4');
INSERT INTO "public.dailylog" VALUES ('9','2020-02-06','05:00:00','IPR','Group kitchen raise national huge fish.
Purpose sound against community occur. Quality meet think may should new set.','','','1','4');
INSERT INTO "public.dailylog" VALUES ('10','2020-02-07','03:00:00','IPR','Discuss station once open land stand mission. Song certainly just PM perform season language. Value will still face least pretty.','','','1','4');
INSERT INTO "public.dailylog" VALUES ('11','2020-02-08','02:00:00','Help on presales project','Person region before project again. Wall foreign edge list week statement kind table.','','','3','4');
INSERT INTO "public.dailylog" VALUES ('12','2020-02-09','08:00:00','Task-1229','Ever operation special tonight technology size ten oil. Yes home image debate majority money.','','5','2','4');
INSERT INTO "public.dailylog" VALUES ('13','2020-02-10','05:00:00','Help on presales project','Home central across seem how issue. Pm provide study question thus.','','','3','4');
INSERT INTO "public.dailylog" VALUES ('14','2020-02-11','08:00:00','Task-2847','Star nature science book attorney. Hit magazine require particular opportunity how answer. Into religious pay recognize first arrive.','','5','2','4');
INSERT INTO "public.dailylog" VALUES ('15','2020-02-12','07:00:00','Task-2168','Use forward lose several work. Response begin bad those.
Develop agreement whole decide rich.
Name yourself religious great wall car word.','','5','2','4');
INSERT INTO "public.dailylog" VALUES ('16','2020-02-13','02:00:00','Help on presales project','Through next deal oil have bank. Should offer detail difference exactly. Half happen expect child.','','','3','4');
INSERT INTO "public.dailylog" VALUES ('17','2020-02-14','08:00:00','Task-3194','Ahead be price condition public speak make.
College hope whose be probably staff marriage week. Discussion could hold worry accept live among.','','5','2','4');
INSERT INTO "public.dailylog" VALUES ('18','2020-02-15','05:00:00','Help on presales project','Father star support skill. Speak edge relationship simple avoid effect growth answer.','','','3','4');
INSERT INTO "public.dailylog" VALUES ('19','2020-02-16','05:00:00','Help on presales project','Impact top person we risk owner. Send indicate attack house somebody coach everybody. Series off debate early this moment rather whole.','','','3','4');
INSERT INTO "public.dailylog" VALUES ('20','2020-02-18','03:00:00','Help on presales project','Magazine attack heart every. Arm actually oil natural clearly. Scene defense break help.','','','3','4');
INSERT INTO "public.dailylog" VALUES ('21','2020-02-20','02:00:00','IPR','Still approach detail number office. Project media head born especially couple red issue.','','','1','4');
INSERT INTO "public.dailylog" VALUES ('22','2020-02-21','04:00:00','IPR','Prevent hot television if cover watch economy. Risk population star myself professor assume other door.','','','1','4');
INSERT INTO "public.dailylog" VALUES ('23','2020-02-24','05:00:00','Help on presales project','Tend material safe card present even. Still common sometimes phone. Book through home two attention.','','','3','4');
INSERT INTO "public.dailylog" VALUES ('24','2020-02-25','03:00:00','IPR','Simple already major and PM probably. Maintain consumer decade already it west.','','','1','4');
INSERT INTO "public.dailylog" VALUES ('25','2020-02-26','03:00:00','IPR','End speak write. Work behind kitchen seek can meeting lay among.
Role sell have mind dark. Course actually would human for each agree.','','','1','4');
INSERT INTO "public.dailylog" VALUES ('26','2020-02-28','02:00:00','Help on presales project','Box service administration take thought land. Son area though better top. Effort hard best nice.','','','3','4');
INSERT INTO "public.dailylog" VALUES ('27','2020-02-29','05:00:00','Help on presales project','Nice international political life range require. Wrong thousand important walk across check.','','','3','4');
INSERT INTO "public.dailylog" VALUES ('28','2020-03-02','05:00:00','IPR','Degree through understand year common wall affect. Fight word blood strong stock. Let carry he moment impact must office.','','','1','4');
INSERT INTO "public.dailylog" VALUES ('29','2020-03-03','05:00:00','Help on presales project','Choice whose space next lose. Movie well capital quality. General concern study kitchen rather say husband.','','','3','4');
INSERT INTO "public.dailylog" VALUES ('30','2020-01-30','05:00:00','IPR','Bad pretty town put remember security walk. Team national news use make either bed.','','','1','5');
INSERT INTO "public.dailylog" VALUES ('31','2020-01-31','06:00:00','Task-4249','Discover employee attention college. Tv already indicate since.','','1','2','5');
INSERT INTO "public.dailylog" VALUES ('32','2020-02-01','07:00:00','Task-1801','We should senior station along. Exactly also good wind. Long art run sea. Send soldier together article treatment blue.','','1','2','5');
INSERT INTO "public.dailylog" VALUES ('33','2020-02-02','06:00:00','Task-3900','Identify raise police certainly forget eat. Too purpose son cell.','','1','2','5');
INSERT INTO "public.dailylog" VALUES ('34','2020-02-03','06:00:00','Task-3602','Beat fire player something process body its. Direction left recent rich. His study important key sometimes.','','1','2','5');
INSERT INTO "public.dailylog" VALUES ('35','2020-02-04','05:00:00','Help on presales project','Game fear bad decision indicate bar style indicate. History present yes move.','','','3','5');
INSERT INTO "public.dailylog" VALUES ('36','2020-02-05','05:00:00','Help on presales project','Ability tonight consider marriage. Writer enjoy case body.
Create true one say out. Audience else sign whether.','','','3','5');
INSERT INTO "public.dailylog" VALUES ('37','2020-02-06','02:00:00','Help on presales project','Develop work growth author suddenly brother. Speak cause down hope field husband put religious.','','','3','5');
INSERT INTO "public.dailylog" VALUES ('38','2020-02-07','05:00:00','IPR','Like expect bag. Clearly practice room thus hit type option.
Tax between meet evidence history share husband development.','','','1','5');
INSERT INTO "public.dailylog" VALUES ('39','2020-02-08','08:00:00','Task-4679','Unit mention upon art establish into hold. Wrong market ball evidence religious score season.','','1','2','5');
INSERT INTO "public.dailylog" VALUES ('40','2020-02-09','02:00:00','Help on presales project','Suggest by sister full move. Thought military green country cover shoulder center.','','','3','5');
INSERT INTO "public.dailylog" VALUES ('41','2020-02-10','03:00:00','Help on presales project','However even discover. Store property to future specific.','','','3','5');
INSERT INTO "public.dailylog" VALUES ('42','2020-02-11','02:00:00','IPR','Table teach network. Like song everybody reality seat dinner detail.','','','1','5');
INSERT INTO "public.dailylog" VALUES ('43','2020-02-12','05:00:00','IPR','Plant chance effort usually research represent sure. Mind none note either. Air management church simply.','','','1','5');
INSERT INTO "public.dailylog" VALUES ('44','2020-02-13','07:00:00','Task-3232','True visit find base threat actually. Weight church tell be college situation. Data room above.
Attention where nation ten interest size.','','1','2','5');
INSERT INTO "public.dailylog" VALUES ('45','2020-02-14','07:00:00','Task-3301','Cover east mother year charge understand. Capital sometimes over enjoy blood. Loss mean board institution act pretty notice leader.','','1','2','5');
INSERT INTO "public.dailylog" VALUES ('46','2020-02-15','05:00:00','Help on presales project','Create close across since ground charge present. Investment war I do work whole.','','','3','5');
INSERT INTO "public.dailylog" VALUES ('47','2020-02-16','04:00:00','IPR','Move late wind defense design minute recognize. Keep particular bad town.
Month speech hit capital enjoy wife feeling.','','','1','5');
INSERT INTO "public.dailylog" VALUES ('48','2020-02-17','07:00:00','Task-1247','Debate star without identify. Single fight since teach tax. Coach establish wall these north wait sit.','','4','2','5');
INSERT INTO "public.dailylog" VALUES ('49','2020-02-18','05:00:00','Help on presales project','Usually partner interview suffer. Day series education.
Hair research guy like follow find event. Charge see sign spend wind voice somebody.','','','3','5');
INSERT INTO "public.dailylog" VALUES ('50','2020-02-19','03:00:00','IPR','Own often magazine focus condition benefit allow consider. Beautiful miss follow expert summer remember. Travel skin society.','','','1','5');
INSERT INTO "public.dailylog" VALUES ('51','2020-02-20','03:00:00','Help on presales project','See power sit already anyone. Wind appear success only space likely. Goal quickly green continue.','','','3','5');
INSERT INTO "public.dailylog" VALUES ('52','2020-02-21','03:00:00','IPR','Best anything pass help professor fine whether strategy. Leader note meeting family. Generation west foot.','','','1','5');
INSERT INTO "public.dailylog" VALUES ('53','2020-02-22','05:00:00','IPR','Reality push hear language. Son stage medical thing town whom question.','','','1','5');
INSERT INTO "public.dailylog" VALUES ('54','2020-02-23','05:00:00','Help on presales project','Suggest technology work reach prove. Raise bill anything on per concern seek.
Cost his individual suddenly. Bill break office generation more book.','','','3','5');
INSERT INTO "public.dailylog" VALUES ('55','2020-02-24','03:00:00','Help on presales project','Spring treat official structure thought exactly environmental mean. Quickly spend last together long art different.','','','3','5');
INSERT INTO "public.dailylog" VALUES ('56','2020-02-25','02:00:00','Help on presales project','Laugh rise choice here. Grow truth name.','','','3','5');
INSERT INTO "public.dailylog" VALUES ('57','2020-02-26','05:00:00','IPR','To learn phone amount. Campaign thought near artist provide eight every. Individual discussion allow security these.','','','1','5');
INSERT INTO "public.dailylog" VALUES ('58','2020-02-27','04:00:00','Help on presales project','Consumer maybe front risk deal same. Court moment operation entire everybody skill. Head institution around far town.','','','3','5');
INSERT INTO "public.dailylog" VALUES ('59','2020-02-28','06:00:00','Task-2490','Issue drug blood process.','','4','2','5');
INSERT INTO "public.dailylog" VALUES ('60','2020-02-29','06:00:00','Task-3044','Modern necessary police just government can last. Well subject generation movement really prepare him safe.','','4','2','5');
INSERT INTO "public.dailylog" VALUES ('61','2020-03-01','03:00:00','Help on presales project','Or nation today goal cost deep trial. Guy even movement everything action traditional. Your under decision because raise energy.','','','3','5');
INSERT INTO "public.dailylog" VALUES ('62','2020-03-02','04:00:00','IPR','Indeed back stock table happy hope. Travel international century thousand about. Time store black.
He morning almost each quickly effect must.','','','1','5');
INSERT INTO "public.dailylog" VALUES ('63','2020-03-03','04:00:00','IPR','Year serve whose push bring should. Listen fish mention. Arrive he role soldier kid determine.
Bit spring risk. Season wrong rather himself will Mrs.','','','1','5');
INSERT INTO "public.dailylog" VALUES ('64','2020-01-30','03:00:00','Help on presales project','Everything measure history air.
Admit dream capital leave response thousand yes.','','','3','6');
INSERT INTO "public.dailylog" VALUES ('65','2020-01-31','02:00:00','Help on presales project','People himself need indicate push why.','','','3','6');
INSERT INTO "public.dailylog" VALUES ('66','2020-02-01','02:00:00','Help on presales project','How join human man fact draw hit experience. Team picture final outside scene it weight.','','','3','6');
INSERT INTO "public.dailylog" VALUES ('67','2020-02-02','05:00:00','IPR','Technology family report executive mind subject. Foreign challenge position direction nor never.','','','1','6');
INSERT INTO "public.dailylog" VALUES ('68','2020-02-03','05:00:00','IPR','Marriage leave brother site section. Fund sort force door old. In painting debate woman.','','','1','6');
INSERT INTO "public.dailylog" VALUES ('69','2020-02-04','05:00:00','Help on presales project','Learn red social letter professor. Whole already fund. My data laugh bag.','','','3','6');
INSERT INTO "public.dailylog" VALUES ('70','2020-02-05','02:00:00','IPR','Everybody standard back whether. Spend television leader many all final. Change environmental government who open. Suddenly training site student.','','','1','6');
INSERT INTO "public.dailylog" VALUES ('71','2020-02-06','05:00:00','IPR','Administration federal debate pull. Center job book report trouble chance.','','','1','6');
INSERT INTO "public.dailylog" VALUES ('72','2020-02-07','04:00:00','IPR','Break expert figure suggest whatever interest.
Enter participant maintain provide who people order note.','','','1','6');
INSERT INTO "public.dailylog" VALUES ('73','2020-02-08','05:00:00','IPR','Hope attack tax whole establish in put wind. Happen conference hard mean keep stop stock. House machine heavy protect field.','','','1','6');
INSERT INTO "public.dailylog" VALUES ('74','2020-02-09','03:00:00','Help on presales project','Seek teach assume else professional. Increase community open to.
Million staff put industry adult. Quite they might occur ahead election.','','','3','6');
INSERT INTO "public.dailylog" VALUES ('75','2020-02-10','02:00:00','IPR','Eye federal senior since. Heart government heavy property magazine tree parent.','','','1','6');
INSERT INTO "public.dailylog" VALUES ('76','2020-02-11','03:00:00','Help on presales project','Ball role really three. Others evidence foot again church upon use. Enjoy find old still per. Decide speech unit responsibility mean white.','','','3','6');
INSERT INTO "public.dailylog" VALUES ('77','2020-02-12','04:00:00','IPR','Involve sense think individual some. Especially provide Congress democratic us paper realize war.','','','1','6');
INSERT INTO "public.dailylog" VALUES ('78','2020-02-14','04:00:00','IPR','Do church get today behavior term mean. Must produce gas feel word.
Thank series stuff race thousand federal accept. Would rest with stand.','','','1','6');
INSERT INTO "public.dailylog" VALUES ('79','2020-02-15','03:00:00','IPR','Toward note house arrive back game win. Establish industry day bank. Treatment might drug behavior imagine. Year woman late social bring.','','','1','6');
INSERT INTO "public.dailylog" VALUES ('80','2020-02-16','03:00:00','Help on presales project','Hold energy president thousand. Hold success bad order page. We improve per finally.','','','3','6');
INSERT INTO "public.dailylog" VALUES ('81','2020-02-17','03:00:00','Help on presales project','Oil even bank floor radio. Defense itself market fire. Your fine nice easy five only professor crime. Reality ground practice.','','','3','6');
INSERT INTO "public.dailylog" VALUES ('82','2020-02-18','04:00:00','IPR','Especially fill camera eye medical agreement only thus. Cover account must win.','','','1','6');
INSERT INTO "public.dailylog" VALUES ('83','2020-02-21','02:00:00','IPR','Thank close interesting watch rule visit medical.','','','1','6');
INSERT INTO "public.dailylog" VALUES ('84','2020-02-24','02:00:00','IPR','It interest continue per hospital whom. Statement represent life across.','','','1','6');
INSERT INTO "public.dailylog" VALUES ('85','2020-02-26','03:00:00','IPR','None time natural since. Little left woman type.
Large prove recently party face. Establish early more animal spring training.','','','1','6');
INSERT INTO "public.dailylog" VALUES ('86','2020-02-27','05:00:00','Help on presales project','Happen recognize prepare. Both some strong. Nor tell budget theory will.','','','3','6');
INSERT INTO "public.dailylog" VALUES ('87','2020-03-01','03:00:00','Help on presales project','Member the business stage. Which north education land focus head factor.','','','3','6');
INSERT INTO "public.dailylog" VALUES ('88','2020-03-02','02:00:00','Help on presales project','Door industry air bed across go. Care light begin dog sort ok story continue. Role arm skin teacher prepare reveal build over. Pretty current easy.','','','3','6');
INSERT INTO "public.dailylog" VALUES ('89','2020-01-29','02:00:00','Help on presales project','Reveal business assume standard final increase. Resource debate lawyer now. Analysis lead main who bar.','','','3','7');
INSERT INTO "public.dailylog" VALUES ('179','2020-02-20','04:00:00','Test task-3224','Little develop care agent mother.','','1','2','9');
INSERT INTO "public.dailylog" VALUES ('90','2020-01-30','02:00:00','Help on presales project','Former movement dinner history. Candidate many side reflect color.
Bank speak else main religious sit. Heavy join management everyone.','','','3','7');
INSERT INTO "public.dailylog" VALUES ('91','2020-01-31','04:00:00','IPR','Offer mind former outside cut. Free PM glass indeed. Phone product everybody just teacher entire around sort.','','','1','7');
INSERT INTO "public.dailylog" VALUES ('92','2020-02-01','02:00:00','Help on presales project','Rise company central avoid over practice. When section quality term trouble.
Wear visit southern above.','','','3','7');
INSERT INTO "public.dailylog" VALUES ('93','2020-02-02','08:00:00','Task-2961','Community building police worker again kid. Really cold four. Soon whether dog grow.
Travel bed any. Course beautiful later nearly real.','','3','2','7');
INSERT INTO "public.dailylog" VALUES ('94','2020-02-03','04:00:00','Help on presales project','North hot instead should voice the cut. Use bit campaign price. Land know interest push capital explain practice.','','','3','7');
INSERT INTO "public.dailylog" VALUES ('95','2020-02-04','03:00:00','IPR','Care low product leave blue shake.
Finally one help middle. Near past project rise teacher. Read budget expert.','','','1','7');
INSERT INTO "public.dailylog" VALUES ('96','2020-02-05','04:00:00','Help on presales project','Head we recognize despite. Determine role why so leg goal message.
Fund present those factor black.','','','3','7');
INSERT INTO "public.dailylog" VALUES ('97','2020-02-06','04:00:00','IPR','Future card nothing eye wrong dinner. Benefit new floor child far. Show message along high what special which.','','','1','7');
INSERT INTO "public.dailylog" VALUES ('98','2020-02-07','02:00:00','Help on presales project','Tend would unit new. Education eight letter sit determine close resource.','','','3','7');
INSERT INTO "public.dailylog" VALUES ('99','2020-02-08','06:00:00','Task-2762','Building successful deal particularly.
Floor civil often ready out. Sort meeting perform along take pretty fight seek. Step popular pull investment.','','3','2','7');
INSERT INTO "public.dailylog" VALUES ('100','2020-02-09','08:00:00','Task-1341','Daughter challenge too wall opportunity blue. Spring ever focus country.
Woman west follow newspaper. Group party soldier memory cost.','','3','2','7');
INSERT INTO "public.dailylog" VALUES ('101','2020-02-10','08:00:00','Task-1240','Involve door boy argue wrong Mr sell. Property book culture film. Stuff leg check cause.
She detail factor. Which become computer hour.','','3','2','7');
INSERT INTO "public.dailylog" VALUES ('102','2020-02-11','04:00:00','IPR','Despite remain space which source service. Probably way everyone heart campaign law again. Have southern teacher successful campaign.','','','1','7');
INSERT INTO "public.dailylog" VALUES ('103','2020-02-12','02:00:00','Help on presales project','Significant reach marriage Democrat. Career from experience team. Store animal half pick.','','','3','7');
INSERT INTO "public.dailylog" VALUES ('104','2020-02-13','06:00:00','Task-4414','Art authority wish cost also myself.
Plant son say learn network. Structure beautiful cold short election evening team market.','','3','2','7');
INSERT INTO "public.dailylog" VALUES ('105','2020-02-14','05:00:00','IPR','Establish factor economy now before throw. Discover continue order team respond production manager. Blood strong despite religious.','','','1','7');
INSERT INTO "public.dailylog" VALUES ('106','2020-02-15','03:00:00','Help on presales project','Room score human marriage. Rock share imagine while actually protect low. Individual this space voice my machine read.','','','3','7');
INSERT INTO "public.dailylog" VALUES ('107','2020-02-16','05:00:00','Help on presales project','Happen say report coach citizen nor yard. Single share charge on energy. Do edge after campaign cup argue.','','','3','7');
INSERT INTO "public.dailylog" VALUES ('108','2020-02-17','05:00:00','Help on presales project','Indeed field both lose marriage worry. Again degree sure speak go. Behavior short sell study than him.','','','3','7');
INSERT INTO "public.dailylog" VALUES ('109','2020-02-18','02:00:00','IPR','Movie free expect question area high.
Home girl current check possible. Agree purpose test federal fill. Seat over accept major picture.','','','1','7');
INSERT INTO "public.dailylog" VALUES ('110','2020-02-19','03:00:00','Help on presales project','Himself situation scene change prevent figure if.
Work age bring road consumer. Blue guy beyond maybe firm begin. Kind on spend laugh dog use.','','','3','7');
INSERT INTO "public.dailylog" VALUES ('111','2020-02-20','06:00:00','Task-3692','Coach build section at. American offer kitchen. Only region writer become base performance answer.
Hour field even turn. Under talk realize inside.','','2','2','7');
INSERT INTO "public.dailylog" VALUES ('112','2020-02-21','07:00:00','Task-3151','Mouth wind job. Live benefit hear risk.','','2','2','7');
INSERT INTO "public.dailylog" VALUES ('113','2020-02-22','02:00:00','Help on presales project','Project actually how magazine skin safe nation. Difference pressure challenge western sometimes dream brother. Production owner within oil trouble.','','','3','7');
INSERT INTO "public.dailylog" VALUES ('114','2020-02-23','07:00:00','Task-4811','Seven three speak right. Guy person score sport eye sing. President thought debate box. Shake picture news responsibility range couple would garden.','','2','2','7');
INSERT INTO "public.dailylog" VALUES ('115','2020-02-24','02:00:00','IPR','Many production forget central picture style admit. Realize side senior loss interesting sort.','','','1','7');
INSERT INTO "public.dailylog" VALUES ('116','2020-02-25','07:00:00','Task-2491','Instead reason white quite.
Surface serve strong. Cause cut Mrs concern nice baby. Pattern father treat.','','2','2','7');
INSERT INTO "public.dailylog" VALUES ('117','2020-02-26','08:00:00','Task-4400','Finish source religious office writer star. Environment born instead clearly.','','2','2','7');
INSERT INTO "public.dailylog" VALUES ('118','2020-02-27','03:00:00','IPR','Professional brother care manage want another world. Discussion maintain cup however later ball bed.','','','1','7');
INSERT INTO "public.dailylog" VALUES ('119','2020-02-28','03:00:00','IPR','Leader event enjoy garden often question office. Order worker area there either. Score available chair model five picture.','','','1','7');
INSERT INTO "public.dailylog" VALUES ('120','2020-02-29','08:00:00','Task-4202','One protect this career image. Read above example church ten newspaper. Foreign determine nature attorney.','','2','2','7');
INSERT INTO "public.dailylog" VALUES ('121','2020-03-01','08:00:00','Task-4573','Rest natural often. Seven director yourself pass political also. Finish never instead.
Offer reduce still up. Stop public necessary hair their.','','2','2','7');
INSERT INTO "public.dailylog" VALUES ('122','2020-03-02','04:00:00','Help on presales project','Radio change part hospital. Star with sing doctor draw already.','','','3','7');
INSERT INTO "public.dailylog" VALUES ('123','2020-03-03','07:00:00','Task-2810','Someone ten during their whether. Think drug than consider. Baby environment agree walk big husband medical catch.','','2','2','7');
INSERT INTO "public.dailylog" VALUES ('124','2020-01-30','04:00:00','Help on presales project','Take black building yet challenge. Thank color guy movie third purpose.','','','3','8');
INSERT INTO "public.dailylog" VALUES ('125','2020-01-31','04:00:00','Help on presales project','Film campaign middle. Cultural writer law activity better. Fact respond almost idea again else.','','','3','8');
INSERT INTO "public.dailylog" VALUES ('126','2020-02-01','04:00:00','Help on presales project','Effort product or early cell reflect assume. Never night so rather process. Computer such action kid six move than.','','','3','8');
INSERT INTO "public.dailylog" VALUES ('127','2020-02-02','02:00:00','Help on presales project','Turn with stay these special after. Book term sit. Indicate east onto often clearly gas fine.
Side school shake though certain.','','','3','8');
INSERT INTO "public.dailylog" VALUES ('128','2020-02-03','04:00:00','IPR','Career recent field marriage structure age nation policy. Only real reason lawyer drive off service. Court on modern include the bar suddenly.','','','1','8');
INSERT INTO "public.dailylog" VALUES ('129','2020-02-04','07:00:00','Task-2502','Feeling strategy them nothing. Especially receive fish hear marriage.','','2','2','8');
INSERT INTO "public.dailylog" VALUES ('130','2020-02-05','03:00:00','IPR','Turn collection throw white without firm. Take tell western let between none suddenly.','','','1','8');
INSERT INTO "public.dailylog" VALUES ('178','2020-02-19','02:00:00','Test task-1215','Opportunity painting marriage room news as. Make value quality plant. Compare discover return hour.','','1','2','9');
INSERT INTO "public.dailylog" VALUES ('131','2020-02-06','04:00:00','Help on presales project','Learn effort school its shoulder. Front main civil yeah evening speak idea. Evidence through blood wonder commercial approach threat.','','','3','8');
INSERT INTO "public.dailylog" VALUES ('132','2020-02-07','06:00:00','Task-1537','Husband away pay in around choice. Reach general huge deep difficult. Card describe claim image sea.','','2','2','8');
INSERT INTO "public.dailylog" VALUES ('133','2020-02-08','02:00:00','IPR','Both hit beautiful market. Compare quite answer bar.','','','1','8');
INSERT INTO "public.dailylog" VALUES ('134','2020-02-09','02:00:00','Help on presales project','Environment must son nice deal choose. Wonder real order knowledge cut. Player let sister your general activity rather discover.','','','3','8');
INSERT INTO "public.dailylog" VALUES ('135','2020-02-10','02:00:00','IPR','Fight way save house partner report little.','','','1','8');
INSERT INTO "public.dailylog" VALUES ('136','2020-02-11','03:00:00','Help on presales project','Arrive it raise idea technology teacher.','','','3','8');
INSERT INTO "public.dailylog" VALUES ('137','2020-02-12','03:00:00','IPR','Bar again organization exactly forget fly likely. Far street leader man finish.','','','1','8');
INSERT INTO "public.dailylog" VALUES ('138','2020-02-13','06:00:00','Task-3510','Staff wonder sit democratic relate stay. Word method research pay. Exactly foot simply. City some concern condition.','','2','2','8');
INSERT INTO "public.dailylog" VALUES ('139','2020-02-14','07:00:00','Task-4180','Impact difference manage account fill. Weight cover product suggest fast.','','2','2','8');
INSERT INTO "public.dailylog" VALUES ('140','2020-02-15','05:00:00','Help on presales project','Face guess believe network possible. Authority reason purpose benefit positive former yeah.','','','3','8');
INSERT INTO "public.dailylog" VALUES ('141','2020-02-16','07:00:00','Task-1648','Professor major step force today such between. Child several idea bring business budget.','','1','2','8');
INSERT INTO "public.dailylog" VALUES ('142','2020-02-17','05:00:00','Help on presales project','Early seat from life support sign ahead. Listen page return tough serve. Back tree never wonder whatever necessary.','','','3','8');
INSERT INTO "public.dailylog" VALUES ('143','2020-02-18','06:00:00','Task-3095','Present indicate head figure. Wind floor the. Understand risk situation.
Few if scientist thing. Far with very him military house direction.','','1','2','8');
INSERT INTO "public.dailylog" VALUES ('144','2020-02-19','05:00:00','Help on presales project','Need third recognize degree several action institution. Also treatment pick foot until.','','','3','8');
INSERT INTO "public.dailylog" VALUES ('145','2020-02-20','03:00:00','Help on presales project','Why arrive practice energy leader pretty. Themselves party trade half. Major ground cost make blood think.','','','3','8');
INSERT INTO "public.dailylog" VALUES ('146','2020-02-21','03:00:00','Help on presales project','Hotel yet picture example throughout himself. Plan agency true.','','','3','8');
INSERT INTO "public.dailylog" VALUES ('147','2020-02-22','05:00:00','IPR','West range color wonder.
From lead approach partner. Option year such that happy present matter able.
Thousand over light scene.','','','1','8');
INSERT INTO "public.dailylog" VALUES ('148','2020-02-23','08:00:00','Task-1745','Protect game if democratic. Message change account administration arrive wall maybe.','','1','2','8');
INSERT INTO "public.dailylog" VALUES ('149','2020-02-24','02:00:00','Help on presales project','Leg region environmental. Almost west area list notice.
Year imagine across. Beat cover something gun game.','','','3','8');
INSERT INTO "public.dailylog" VALUES ('150','2020-02-25','05:00:00','Help on presales project','Paper trouble run company listen product. Speak stock which movie.','','','3','8');
INSERT INTO "public.dailylog" VALUES ('151','2020-02-26','04:00:00','Help on presales project','Meet ahead pressure. Hospital realize baby indicate sell reveal recognize tend.','','','3','8');
INSERT INTO "public.dailylog" VALUES ('152','2020-02-27','08:00:00','Task-4362','Operation eye involve father suffer operation usually. Sign security necessary will citizen begin economy. Black exactly left return.','','1','2','8');
INSERT INTO "public.dailylog" VALUES ('153','2020-02-28','07:00:00','Task-3446','Whether house trial push. Rate suffer rule successful rather thus worker.
Us generation week wall measure. Why number common.','','1','2','8');
INSERT INTO "public.dailylog" VALUES ('154','2020-02-29','03:00:00','Help on presales project','Include page dark nature walk six morning. Bill pretty long pretty. Seek collection dinner force second.','','','3','8');
INSERT INTO "public.dailylog" VALUES ('155','2020-03-01','05:00:00','IPR','Determine education computer effect. Painting seat star think hour different such. Relationship design look final out science stuff.','','','1','8');
INSERT INTO "public.dailylog" VALUES ('156','2020-03-02','05:00:00','IPR','Hit example their hold speech something. Political particular voice western happy. Miss business sense sound action threat value same.','','','1','8');
INSERT INTO "public.dailylog" VALUES ('157','2020-03-03','06:00:00','Task-1500','Order situation again. Ten control where general.','','1','2','8');
INSERT INTO "public.dailylog" VALUES ('158','2020-01-30','02:00:00','Test task-3085','Guess interesting modern agent name floor. Particularly doctor after. But security walk simple figure policy woman.','','1','2','9');
INSERT INTO "public.dailylog" VALUES ('159','2020-01-31','05:00:00','IPR','Customer offer worry bank until Mr. Exactly fine ten different.','','','1','9');
INSERT INTO "public.dailylog" VALUES ('160','2020-02-01','03:00:00','Test task-2413','Reflect voice threat me attack also provide. Realize door know particularly argue certain call. Professional address amount often sound likely after.','','1','2','9');
INSERT INTO "public.dailylog" VALUES ('161','2020-02-02','02:00:00','Test task-2424','Affect clear possible view serve answer ask. Head in score clearly plan. He wide local trial.','','1','2','9');
INSERT INTO "public.dailylog" VALUES ('162','2020-02-03','02:00:00','Test task-1007','Try east Mrs ago create. If night last provide decade. Field drop road might.','','1','2','9');
INSERT INTO "public.dailylog" VALUES ('163','2020-02-04','02:00:00','IPR','Next understand public consumer firm hear. Door watch hard responsibility never require than.','','','1','9');
INSERT INTO "public.dailylog" VALUES ('164','2020-02-05','03:00:00','IPR','Improve call successful add. Which area government bill low. Owner into thought.','','','1','9');
INSERT INTO "public.dailylog" VALUES ('165','2020-02-06','05:00:00','IPR','Soon today artist deep within measure different. Power appear traditional need.','','','1','9');
INSERT INTO "public.dailylog" VALUES ('166','2020-02-07','02:00:00','Test task-3167','Eye parent assume often. Record day bar real also in model skill.','','1','2','9');
INSERT INTO "public.dailylog" VALUES ('167','2020-02-08','04:00:00','Test task-3404','War pretty road yourself. After note fact fund.','','1','2','9');
INSERT INTO "public.dailylog" VALUES ('168','2020-02-09','02:00:00','IPR','Reduce against present yes. Economy sort much movie already executive fight.
Form something third hotel.','','','1','9');
INSERT INTO "public.dailylog" VALUES ('169','2020-02-10','05:00:00','IPR','Simple whose hot sense reach suffer. Forward but item increase.','','','1','9');
INSERT INTO "public.dailylog" VALUES ('170','2020-02-11','02:00:00','Test task-4610','Tv outside happen. Often either mention during wind news item.','','1','2','9');
INSERT INTO "public.dailylog" VALUES ('171','2020-02-12','02:00:00','Test task-2125','Ground produce power more TV prevent others moment. Cultural ahead car product parent.
Project bill five sell everything.','','1','2','9');
INSERT INTO "public.dailylog" VALUES ('172','2020-02-13','05:00:00','IPR','Add space purpose recent address president. Writer kitchen camera within successful.','','','1','9');
INSERT INTO "public.dailylog" VALUES ('173','2020-02-14','03:00:00','Test task-1172','Put trade teach scene. When health receive yourself shake garden personal.','','1','2','9');
INSERT INTO "public.dailylog" VALUES ('174','2020-02-15','03:00:00','IPR','Certainly seven treat. Consider on likely rather total war clear.
Notice economic necessary room by. Them time thing movie. Address area wait relate.','','','1','9');
INSERT INTO "public.dailylog" VALUES ('175','2020-02-16','04:00:00','IPR','Back star machine management young push. Manage identify stock finally. Offer car know pattern.','','','1','9');
INSERT INTO "public.dailylog" VALUES ('176','2020-02-17','02:00:00','Test task-4802','Budget eight government admit. Case one southern official agreement adult fear kitchen.','','1','2','9');
INSERT INTO "public.dailylog" VALUES ('177','2020-02-18','02:00:00','Test task-1202','Southern customer and relationship. Own back practice big.','','1','2','9');
INSERT INTO "public.dailylog" VALUES ('180','2020-02-21','03:00:00','Test task-3381','Cell figure their team.','','1','2','9');
INSERT INTO "public.dailylog" VALUES ('181','2020-02-22','04:00:00','IPR','Early they performance kitchen determine recently. As position hot long dark serious beautiful. White body work black.','','','1','9');
INSERT INTO "public.dailylog" VALUES ('182','2020-02-23','05:00:00','IPR','Specific light really information. Worker experience special spend form with during. Return race unit most on although.
Former low live realize.','','','1','9');
INSERT INTO "public.dailylog" VALUES ('183','2020-02-24','02:00:00','IPR','International former former cultural history. Fear trial view follow skill pattern option wife.','','','1','9');
INSERT INTO "public.dailylog" VALUES ('184','2020-02-25','05:00:00','IPR','Long available share artist add change news girl. Throw our miss church director. Street also impact give. Student trial seven everyone focus.','','','1','9');
INSERT INTO "public.dailylog" VALUES ('185','2020-02-26','04:00:00','Test task-1260','Suffer we mother laugh argue positive. Exist tend process once mention long difficult.','','1','2','9');
INSERT INTO "public.dailylog" VALUES ('186','2020-02-28','03:00:00','IPR','Picture data manage yes. Face maybe any space. Performance teach about goal.','','','1','9');
INSERT INTO "public.dailylog" VALUES ('187','2020-03-02','03:00:00','IPR','Look word day third art air space. Song hope rest before say provide.','','','1','9');
INSERT INTO "public.dailylog" VALUES ('188','2020-03-03','04:00:00','IPR','Who sense sure result. Here available account street. Relationship glass newspaper various travel before.','','','1','9');
INSERT INTO "public.dailylog" VALUES ('189','2020-01-30','04:00:00','Test task-3531','Western face human. Pretty which central region. Country themselves exist.
Above again political big dog. Risk seat staff base stay church.','','3','2','10');
INSERT INTO "public.dailylog" VALUES ('190','2020-01-31','05:00:00','IPR','Them small for. City role doctor town. Property class middle can catch long.','','','1','10');
INSERT INTO "public.dailylog" VALUES ('191','2020-02-01','04:00:00','Test task-2326','Some middle wear nor. Nearly training whom plan science fire talk. Itself somebody form out evening physical speak event.','','3','2','10');
INSERT INTO "public.dailylog" VALUES ('192','2020-02-02','03:00:00','IPR','Knowledge job Democrat raise concern body course. Movie summer matter study mean physical.','','','1','10');
INSERT INTO "public.dailylog" VALUES ('193','2020-02-03','02:00:00','Test task-4578','Administration agree during own and guess personal. Player seek benefit say former six room his. Still pick argue.','','3','2','10');
INSERT INTO "public.dailylog" VALUES ('194','2020-02-04','02:00:00','IPR','Third charge low truth rule thought get. Rich statement itself. Purpose condition recent you put his gun. Action grow season physical probably.','','','1','10');
INSERT INTO "public.dailylog" VALUES ('195','2020-02-05','02:00:00','IPR','Value wrong discuss wife. Road improve ago system toward between.
Out during such size direction among. Usually talk travel bed car general.','','','1','10');
INSERT INTO "public.dailylog" VALUES ('196','2020-02-06','03:00:00','Test task-2697','Stop Mr people air food something front. Piece else debate perhaps special star much. Beyond occur sign. Item job amount what cell.','','3','2','10');
INSERT INTO "public.dailylog" VALUES ('197','2020-02-07','05:00:00','IPR','Eight speech eat from less. Choice skin travel newspaper newspaper return fight.','','','1','10');
INSERT INTO "public.dailylog" VALUES ('198','2020-02-08','04:00:00','Test task-2304','Out anyone door.
Big around police fast station but. Blue place air race each produce edge.','','3','2','10');
INSERT INTO "public.dailylog" VALUES ('199','2020-02-09','05:00:00','IPR','Dinner nor law be address.','','','1','10');
INSERT INTO "public.dailylog" VALUES ('200','2020-02-10','04:00:00','Test task-4874','Bed everything resource really if set nearly your. Again figure capital paper.
Different by floor per meet save. Nice agree theory hit.','','3','2','10');
INSERT INTO "public.dailylog" VALUES ('201','2020-02-11','03:00:00','Test task-2903','Design history what dark line movement. Consider place control crime price federal.','','3','2','10');
INSERT INTO "public.dailylog" VALUES ('202','2020-02-12','04:00:00','Test task-2480','Glass apply community thank show sister. Question operation democratic get who create reflect. Bring adult Republican public career art though.','','3','2','10');
INSERT INTO "public.dailylog" VALUES ('203','2020-02-13','05:00:00','IPR','Special office area night seat alone. Human great remember. Center speak personal live. Notice interview central improve off interest.','','','1','10');
INSERT INTO "public.dailylog" VALUES ('204','2020-02-14','04:00:00','Test task-1903','Kitchen question free successful. Moment hit firm organization.','','3','2','10');
INSERT INTO "public.dailylog" VALUES ('205','2020-02-15','03:00:00','Test task-2396','From say child job beautiful. Often fact recent despite few stand.','','3','2','10');
INSERT INTO "public.dailylog" VALUES ('206','2020-02-16','03:00:00','Test task-1658','Risk recently girl near go nature spring. Trade blood also style drive various anything.','','3','2','10');
INSERT INTO "public.dailylog" VALUES ('207','2020-02-17','04:00:00','Test task-3733','Operation special street young. Value out night teach force.','','3','2','10');
INSERT INTO "public.dailylog" VALUES ('208','2020-02-18','05:00:00','IPR','Land writer build investment page mouth live open. Natural finally character family admit age.','','','1','10');
INSERT INTO "public.dailylog" VALUES ('209','2020-02-19','02:00:00','Test task-2180','Window great war others step.
Section at easy. Very attention note drug her mind participant compare.','','3','2','10');
INSERT INTO "public.dailylog" VALUES ('210','2020-02-20','05:00:00','IPR','Without nice call herself reason. Would month provide sister.','','','1','10');
INSERT INTO "public.dailylog" VALUES ('211','2020-02-21','02:00:00','Test task-1262','City painting remain both let bill. Policy almost discover as color.','','3','2','10');
INSERT INTO "public.dailylog" VALUES ('212','2020-02-22','03:00:00','Test task-3143','Hour thing despite economic more. Team course gun property.','','3','2','10');
INSERT INTO "public.dailylog" VALUES ('213','2020-02-23','02:00:00','Test task-1712','Customer inside meeting project matter central difficult never. New church six per so. Personal whose home.','','3','2','10');
INSERT INTO "public.dailylog" VALUES ('214','2020-02-24','04:00:00','Test task-4621','Fill eye truth back. Turn air country product back surface Mr. Science daughter agreement husband message lot standard.','','3','2','10');
INSERT INTO "public.dailylog" VALUES ('215','2020-02-25','04:00:00','Test task-2295','Agent new Mrs child. World find quickly think. Discussion themselves once piece four.
Describe especially maybe field industry.','','3','2','10');
INSERT INTO "public.dailylog" VALUES ('216','2020-02-26','05:00:00','IPR','Building least fly response answer arrive. Soon order miss carry picture. Hear human read box where everybody attorney.','','','1','10');
INSERT INTO "public.dailylog" VALUES ('217','2020-02-28','02:00:00','IPR','Somebody tough western everybody opportunity coach. Direction professor magazine left. Until else give personal.','','','1','10');
INSERT INTO "public.dailylog" VALUES ('218','2020-03-01','03:00:00','IPR','No more growth history. Turn herself end.
Especially market agreement star something participant writer.','','','1','10');
INSERT INTO "public.dailylog" VALUES ('219','2020-03-02','05:00:00','IPR','General technology just pull with. Set know fine focus.','','','1','10');
INSERT INTO "public.dailylog" VALUES ('220','2020-03-03','03:00:00','IPR','Crime we wonder about need clearly. Rise before east so series as outside serious.','','','1','10');
INSERT INTO "public.worker" VALUES ('1','  ','');
INSERT INTO "public.worker" VALUES ('2','  ','');
INSERT INTO "public.worker" VALUES ('3','  ','');
INSERT INTO "public.worker" VALUES ('4','  ','');
INSERT INTO "public.worker" VALUES ('5','  ','');
INSERT INTO "public.worker" VALUES ('6','  ','');
INSERT INTO "public.worker" VALUES ('7','  ','');
INSERT INTO "public.worker" VALUES ('8','  ','');
INSERT INTO "public.worker" VALUES ('9','  ','');
INSERT INTO "public.worker" VALUES ('10','  ','');
INSERT INTO "public.projectworker" VALUES ('1','2020-01-30','2020-02-20','0','','1','1','1');
INSERT INTO "public.projectworker" VALUES ('2','2020-01-30','2020-02-20','0','','2','1','2');
INSERT INTO "public.projectworker" VALUES ('3','2020-01-30','2020-02-20','0','','3','1','1');
INSERT INTO "public.projectworker" VALUES ('4','2020-01-30','2020-02-20','0','','4','1','2');
INSERT INTO "public.projectworker" VALUES ('5','2020-01-30','2020-02-20','0','','5','1','1');
INSERT INTO "public.projectworker" VALUES ('6','2020-01-30','2020-02-20','0','','6','1','3');
INSERT INTO "public.projectworker" VALUES ('7','2020-01-30','2020-02-14','0','','1','2','5');
INSERT INTO "public.projectworker" VALUES ('8','2020-01-30','2020-02-14','0','','2','2','8');
INSERT INTO "public.projectworker" VALUES ('9','2020-01-30','2020-02-14','0','','3','2','7');
INSERT INTO "public.projectworker" VALUES ('10','2020-01-30','2020-02-14','0','','4','2','8');
INSERT INTO "public.projectworker" VALUES ('11','2020-01-30','2020-02-14','0','','5','2','4');
INSERT INTO "public.projectworker" VALUES ('12','2020-01-30','2020-02-14','0','','6','2','5');
INSERT INTO "public.projectworker" VALUES ('13','2020-01-30','2020-02-19','1','','1','3','9');
INSERT INTO "public.projectworker" VALUES ('14','2020-01-30','2020-02-19','1','','2','3','9');
INSERT INTO "public.projectworker" VALUES ('15','2020-01-30','2020-02-19','1','','3','3','10');
INSERT INTO "public.projectworker" VALUES ('16','2020-02-19','2020-02-29','0','','1','1','2');
INSERT INTO "public.projectworker" VALUES ('17','2020-02-19','2020-02-29','0','','2','1','1');
INSERT INTO "public.projectworker" VALUES ('18','2020-02-19','2020-02-29','0','','3','1','1');
INSERT INTO "public.projectworker" VALUES ('19','2020-02-19','2020-02-29','0','','4','1','1');
INSERT INTO "public.projectworker" VALUES ('20','2020-02-19','2020-02-29','0','','5','1','1');
INSERT INTO "public.projectworker" VALUES ('21','2020-02-19','2020-02-29','0','','6','1','1');
INSERT INTO "public.projectworker" VALUES ('22','2020-02-13','2020-03-04','0','','1','2','8');
INSERT INTO "public.projectworker" VALUES ('23','2020-02-13','2020-03-04','0','','2','2','7');
INSERT INTO "public.projectworker" VALUES ('24','2020-02-13','2020-03-04','0','','3','2','7');
INSERT INTO "public.projectworker" VALUES ('25','2020-02-13','2020-03-04','0','','4','2','5');
INSERT INTO "public.projectworker" VALUES ('26','2020-02-13','2020-03-04','0','','5','2','7');
INSERT INTO "public.projectworker" VALUES ('27','2020-02-13','2020-03-04','0','','6','2','5');
INSERT INTO "public.projectworker" VALUES ('28','2020-02-18','2020-02-26','1','','1','3','9');
INSERT INTO "public.projectworker" VALUES ('29','2020-02-18','2020-02-26','0','','2','3','9');
INSERT INTO "public.projectworker" VALUES ('30','2020-02-18','2020-02-26','1','','3','3','10');
COMMIT;
