company_name,pickup_date,target
jalan,2016-02-21,0
rakuten,2016-02-21,2
jalan,2016-02-27,0
rakuten,2016-02-27,2
jalan,2016-02-28,0
rakuten,2016-02-28,1
jalan,2016-02-29,0
rakuten,2016-02-29,1
jalan,2016-03-04,0
rakuten,2016-03-04,1
jalan,2016-03-05,1
rakuten,2016-03-05,0
jalan,2016-03-06,0
rakuten,2016-03-06,2
jalan,2016-03-08,1
rakuten,2016-03-08,1
jalan,2016-03-09,0
rakuten,2016-03-09,1
jalan,2016-03-10,1
rakuten,2016-03-10,0
jalan,2016-03-11,0
rakuten,2016-03-11,4
jalan,2016-03-12,0
rakuten,2016-03-12,3
jalan,2016-03-13,1
rakuten,2016-03-13,0
jalan,2016-03-14,0
rakuten,2016-03-14,2
jalan,2016-03-15,1
rakuten,2016-03-15,0
jalan,2016-03-17,1
rakuten,2016-03-17,0
jalan,2016-03-18,1
rakuten,2016-03-18,2
jalan,2016-03-19,1
rakuten,2016-03-19,1
jalan,2016-03-20,1
rakuten,2016-03-20,0
jalan,2016-03-21,1
rakuten,2016-03-21,1
jalan,2016-03-23,1
rakuten,2016-03-23,3
jalan,2016-03-24,1
rakuten,2016-03-24,0
jalan,2016-03-25,0
rakuten,2016-03-25,1
jalan,2016-03-26,2
rakuten,2016-03-26,2
jalan,2016-03-27,1
rakuten,2016-03-27,1
jalan,2016-03-28,0
rakuten,2016-03-28,2
jalan,2016-03-29,0
rakuten,2016-03-29,2
jalan,2016-03-30,1
rakuten,2016-03-30,1
jalan,2016-03-31,1
rakuten,2016-03-31,0
jalan,2016-04-01,1
rakuten,2016-04-01,0
jalan,2016-04-02,0
rakuten,2016-04-02,3
jalan,2016-04-03,3
rakuten,2016-04-03,0
jalan,2016-04-05,0
rakuten,2016-04-05,2
jalan,2016-04-08,0
rakuten,2016-04-08,1
jalan,2016-04-09,2
rakuten,2016-04-09,0
jalan,2016-04-12,0
rakuten,2016-04-12,1
jalan,2016-04-13,1
rakuten,2016-04-13,0
jalan,2016-04-16,1
rakuten,2016-04-16,0
jalan,2016-04-17,0
rakuten,2016-04-17,1
jalan,2016-04-18,1
rakuten,2016-04-18,1
jalan,2016-04-20,1
rakuten,2016-04-20,0
jalan,2016-04-21,1
rakuten,2016-04-21,2
jalan,2016-04-22,1
rakuten,2016-04-22,1
jalan,2016-04-23,2
rakuten,2016-04-23,0
jalan,2016-04-25,1
rakuten,2016-04-25,1
jalan,2016-04-28,1
rakuten,2016-04-28,0
jalan,2016-04-29,0
rakuten,2016-04-29,1
jalan,2016-04-30,3
rakuten,2016-04-30,2
jalan,2016-05-01,0
rakuten,2016-05-01,2
jalan,2016-05-02,1
rakuten,2016-05-02,2
jalan,2016-05-03,2
rakuten,2016-05-03,4
jalan,2016-05-08,1
rakuten,2016-05-08,2
jalan,2016-05-09,0
rakuten,2016-05-09,3
jalan,2016-05-10,0
rakuten,2016-05-10,1
jalan,2016-05-12,0
rakuten,2016-05-12,1
jalan,2016-05-13,2
rakuten,2016-05-13,1
jalan,2016-05-14,1
rakuten,2016-05-14,3
jalan,2016-05-15,2
rakuten,2016-05-15,0
jalan,2016-05-16,1
rakuten,2016-05-16,0
jalan,2016-05-17,1
rakuten,2016-05-17,1
jalan,2016-05-18,1
rakuten,2016-05-18,2
jalan,2016-05-19,1
rakuten,2016-05-19,1
jalan,2016-05-20,0
rakuten,2016-05-20,3
jalan,2016-05-21,1
rakuten,2016-05-21,2
jalan,2016-05-22,0
rakuten,2016-05-22,1
jalan,2016-05-23,0
rakuten,2016-05-23,1
jalan,2016-05-25,1
rakuten,2016-05-25,1
jalan,2016-05-27,2
rakuten,2016-05-27,3
jalan,2016-05-28,0
rakuten,2016-05-28,3
jalan,2016-05-29,0
rakuten,2016-05-29,1
jalan,2016-05-30,0
rakuten,2016-05-30,2
jalan,2016-05-31,0
rakuten,2016-05-31,4
jalan,2016-06-01,0
rakuten,2016-06-01,3
jalan,2016-06-02,2
rakuten,2016-06-02,0
jalan,2016-06-03,0
rakuten,2016-06-03,1
jalan,2016-06-04,0
rakuten,2016-06-04,3
jalan,2016-06-06,0
rakuten,2016-06-06,1
jalan,2016-06-07,0
rakuten,2016-06-07,2
jalan,2016-06-08,1
rakuten,2016-06-08,0
jalan,2016-06-09,0
rakuten,2016-06-09,2
jalan,2016-06-10,3
rakuten,2016-06-10,2
jalan,2016-06-11,0
rakuten,2016-06-11,3
jalan,2016-06-12,0
rakuten,2016-06-12,2
jalan,2016-06-13,0
rakuten,2016-06-13,4
jalan,2016-06-14,0
rakuten,2016-06-14,1
jalan,2016-06-15,0
rakuten,2016-06-15,1
jalan,2016-06-16,0
rakuten,2016-06-16,2
jalan,2016-06-17,0
rakuten,2016-06-17,2
jalan,2016-06-18,0
rakuten,2016-06-18,5
jalan,2016-06-19,0
rakuten,2016-06-19,3
jalan,2016-06-20,2
rakuten,2016-06-20,2
jalan,2016-06-21,0
rakuten,2016-06-21,6
jalan,2016-06-22,0
rakuten,2016-06-22,5
jalan,2016-06-23,1
rakuten,2016-06-23,6
jalan,2016-06-24,4
rakuten,2016-06-24,11
jalan,2016-06-25,4
rakuten,2016-06-25,4
jalan,2016-06-26,2
rakuten,2016-06-26,4
jalan,2016-06-27,0
rakuten,2016-06-27,3
jalan,2016-06-28,1
rakuten,2016-06-28,3
jalan,2016-06-29,0
rakuten,2016-06-29,7
jalan,2016-06-30,2
rakuten,2016-06-30,6
jalan,2016-07-01,2
rakuten,2016-07-01,8
jalan,2016-07-02,3
rakuten,2016-07-02,2
jalan,2016-07-03,1
rakuten,2016-07-03,3
jalan,2016-07-04,3
rakuten,2016-07-04,8
jalan,2016-07-05,4
rakuten,2016-07-05,5
jalan,2016-07-06,0
rakuten,2016-07-06,8
jalan,2016-07-07,2
rakuten,2016-07-07,5
jalan,2016-07-08,3
rakuten,2016-07-08,11
jalan,2016-07-09,2
rakuten,2016-07-09,2
jalan,2016-07-10,4
rakuten,2016-07-10,4
jalan,2016-07-11,2
rakuten,2016-07-11,4
jalan,2016-07-12,1
rakuten,2016-07-12,4
jalan,2016-07-13,0
rakuten,2016-07-13,3
jalan,2016-07-14,1
rakuten,2016-07-14,2
jalan,2016-07-15,1
rakuten,2016-07-15,4
jalan,2016-07-16,0
rakuten,2016-07-16,9
jalan,2016-07-17,2
rakuten,2016-07-17,5
jalan,2016-07-19,0
rakuten,2016-07-19,4
jalan,2016-07-20,0
rakuten,2016-07-20,3
jalan,2016-07-21,0
rakuten,2016-07-21,7
jalan,2016-07-22,1
rakuten,2016-07-22,7
jalan,2016-07-23,1
rakuten,2016-07-23,8
jalan,2016-07-24,0
rakuten,2016-07-24,6
jalan,2016-07-25,1
rakuten,2016-07-25,5
jalan,2016-07-26,0
rakuten,2016-07-26,2
jalan,2016-07-27,1
rakuten,2016-07-27,7
jalan,2016-07-28,0
rakuten,2016-07-28,6
jalan,2016-07-29,1
rakuten,2016-07-29,5
jalan,2016-07-30,1
rakuten,2016-07-30,6
jalan,2016-07-31,1
rakuten,2016-07-31,5
jalan,2016-08-01,0
rakuten,2016-08-01,8
jalan,2016-08-02,0
rakuten,2016-08-02,6
jalan,2016-08-03,1
rakuten,2016-08-03,3
jalan,2016-08-04,1
rakuten,2016-08-04,5
jalan,2016-08-05,0
rakuten,2016-08-05,6
jalan,2016-08-06,0
rakuten,2016-08-06,1
jalan,2016-08-07,0
rakuten,2016-08-07,2
jalan,2016-08-08,1
rakuten,2016-08-08,2
jalan,2016-08-09,0
rakuten,2016-08-09,3
jalan,2016-08-10,0
rakuten,2016-08-10,13
jalan,2016-08-11,3
rakuten,2016-08-11,4
jalan,2016-08-12,3
rakuten,2016-08-12,9
jalan,2016-08-13,2
rakuten,2016-08-13,9
jalan,2016-08-14,1
rakuten,2016-08-14,15
jalan,2016-08-15,2
rakuten,2016-08-15,0
jalan,2016-08-16,3
rakuten,2016-08-16,0
jalan,2016-08-17,1
rakuten,2016-08-17,12
jalan,2016-08-18,1
rakuten,2016-08-18,11
jalan,2016-08-19,1
rakuten,2016-08-19,8
jalan,2016-08-20,0
rakuten,2016-08-20,2
jalan,2016-08-21,1
rakuten,2016-08-21,2
jalan,2016-08-22,1
rakuten,2016-08-22,10
jalan,2016-08-23,1
rakuten,2016-08-23,9
jalan,2016-08-24,2
rakuten,2016-08-24,11
jalan,2016-08-25,1
rakuten,2016-08-25,10
jalan,2016-08-26,2
rakuten,2016-08-26,8
jalan,2016-08-27,0
rakuten,2016-08-27,4
jalan,2016-08-28,0
rakuten,2016-08-28,1
jalan,2016-08-29,0
rakuten,2016-08-29,2
jalan,2016-08-30,0
rakuten,2016-08-30,1
jalan,2016-08-31,0
rakuten,2016-08-31,2
jalan,2016-09-01,0
rakuten,2016-09-01,3
jalan,2016-09-02,0
rakuten,2016-09-02,1
jalan,2016-09-03,0
rakuten,2016-09-03,2
jalan,2016-09-04,0
rakuten,2016-09-04,2
jalan,2016-09-05,0
rakuten,2016-09-05,3
jalan,2016-09-06,0
rakuten,2016-09-06,3
jalan,2016-09-07,0
rakuten,2016-09-07,3
jalan,2016-09-08,0
rakuten,2016-09-08,1
jalan,2016-09-09,0
rakuten,2016-09-09,3
jalan,2016-09-10,0
rakuten,2016-09-10,9
jalan,2016-09-11,0
rakuten,2016-09-11,1
jalan,2016-09-12,0
rakuten,2016-09-12,3
jalan,2016-09-13,0
rakuten,2016-09-13,2
jalan,2016-09-14,0
rakuten,2016-09-14,4
jalan,2016-09-15,1
rakuten,2016-09-15,0
jalan,2016-09-16,4
rakuten,2016-09-16,9
jalan,2016-09-17,3
rakuten,2016-09-17,5
jalan,2016-09-18,1
rakuten,2016-09-18,3
jalan,2016-09-19,1
rakuten,2016-09-19,11
jalan,2016-09-20,0
rakuten,2016-09-20,9
jalan,2016-09-21,1
rakuten,2016-09-21,8
jalan,2016-09-22,4
rakuten,2016-09-22,10
jalan,2016-09-23,0
rakuten,2016-09-23,8
jalan,2016-09-24,1
rakuten,2016-09-24,7
jalan,2016-09-25,0
rakuten,2016-09-25,3
jalan,2016-09-26,1
rakuten,2016-09-26,3
jalan,2016-09-27,0
rakuten,2016-09-27,4
jalan,2016-09-28,0
rakuten,2016-09-28,2
jalan,2016-09-29,0
rakuten,2016-09-29,3
jalan,2016-09-30,1
rakuten,2016-09-30,5
jalan,2016-10-01,0
rakuten,2016-10-01,6
jalan,2016-10-02,0
rakuten,2016-10-02,2
jalan,2016-10-03,0
rakuten,2016-10-03,1
jalan,2016-10-04,0
rakuten,2016-10-04,2
jalan,2016-10-05,0
rakuten,2016-10-05,2
jalan,2016-10-06,0
rakuten,2016-10-06,5
jalan,2016-10-07,1
rakuten,2016-10-07,20
jalan,2016-10-08,4
rakuten,2016-10-08,8
jalan,2016-10-09,0
rakuten,2016-10-09,4
jalan,2016-10-11,1
rakuten,2016-10-11,3
jalan,2016-10-12,0
rakuten,2016-10-12,1
jalan,2016-10-13,1
rakuten,2016-10-13,2
jalan,2016-10-14,1
rakuten,2016-10-14,3
jalan,2016-10-15,1
rakuten,2016-10-15,2
jalan,2016-10-16,2
rakuten,2016-10-16,4
jalan,2016-10-17,0
rakuten,2016-10-17,1
jalan,2016-10-18,1
rakuten,2016-10-18,0
jalan,2016-10-19,1
rakuten,2016-10-19,1
jalan,2016-10-20,2
rakuten,2016-10-20,0
jalan,2016-10-21,1
rakuten,2016-10-21,2
jalan,2016-10-22,0
rakuten,2016-10-22,2
jalan,2016-10-23,0
rakuten,2016-10-23,1
jalan,2016-10-24,1
rakuten,2016-10-24,1
jalan,2016-10-25,0
rakuten,2016-10-25,2
jalan,2016-10-26,0
rakuten,2016-10-26,3
jalan,2016-10-27,1
rakuten,2016-10-27,4
jalan,2016-10-28,0
rakuten,2016-10-28,1
jalan,2016-10-29,1
rakuten,2016-10-29,2
jalan,2016-11-01,0
rakuten,2016-11-01,3
jalan,2016-11-02,0
rakuten,2016-11-02,1
jalan,2016-11-03,0
rakuten,2016-11-03,6
jalan,2016-11-04,1
rakuten,2016-11-04,1
jalan,2016-11-05,1
rakuten,2016-11-05,1
jalan,2016-11-06,0
rakuten,2016-11-06,1
jalan,2016-11-07,1
rakuten,2016-11-07,3
jalan,2016-11-08,0
rakuten,2016-11-08,1
jalan,2016-11-09,0
rakuten,2016-11-09,3
jalan,2016-11-10,1
rakuten,2016-11-10,4
jalan,2016-11-11,0
rakuten,2016-11-11,6
jalan,2016-11-12,1
rakuten,2016-11-12,4
jalan,2016-11-13,0
rakuten,2016-11-13,1
jalan,2016-11-14,2
rakuten,2016-11-14,4
jalan,2016-11-15,0
rakuten,2016-11-15,1
jalan,2016-11-16,0
rakuten,2016-11-16,2
jalan,2016-11-17,0
rakuten,2016-11-17,4
jalan,2016-11-18,0
rakuten,2016-11-18,8
jalan,2016-11-19,0
rakuten,2016-11-19,3
jalan,2016-11-20,0
rakuten,2016-11-20,3
jalan,2016-11-21,0
rakuten,2016-11-21,2
jalan,2016-11-22,1
rakuten,2016-11-22,3
jalan,2016-11-23,0
rakuten,2016-11-23,2
jalan,2016-11-24,0
rakuten,2016-11-24,3
jalan,2016-11-25,1
rakuten,2016-11-25,2
jalan,2016-11-26,0
rakuten,2016-11-26,2
jalan,2016-11-27,0
rakuten,2016-11-27,1
jalan,2016-11-28,0
rakuten,2016-11-28,1
jalan,2016-11-29,0
rakuten,2016-11-29,3
jalan,2016-11-30,1
rakuten,2016-11-30,1
jalan,2016-12-01,0
rakuten,2016-12-01,1
jalan,2016-12-02,0
rakuten,2016-12-02,4
jalan,2016-12-03,2
rakuten,2016-12-03,2
jalan,2016-12-04,0
rakuten,2016-12-04,2
jalan,2016-12-05,0
rakuten,2016-12-05,3
jalan,2016-12-06,0
rakuten,2016-12-06,2
jalan,2016-12-07,0
rakuten,2016-12-07,2
jalan,2016-12-09,0
rakuten,2016-12-09,1
jalan,2016-12-11,0
rakuten,2016-12-11,1
jalan,2016-12-13,0
rakuten,2016-12-13,2
jalan,2016-12-14,1
rakuten,2016-12-14,0
jalan,2016-12-15,0
rakuten,2016-12-15,3
jalan,2016-12-16,2
rakuten,2016-12-16,2
jalan,2016-12-17,1
rakuten,2016-12-17,1
jalan,2016-12-18,0
rakuten,2016-12-18,4
jalan,2016-12-19,1
rakuten,2016-12-19,2
jalan,2016-12-20,1
rakuten,2016-12-20,1
jalan,2016-12-21,0
rakuten,2016-12-21,1
jalan,2016-12-22,0
rakuten,2016-12-22,1
jalan,2016-12-23,1
rakuten,2016-12-23,1
jalan,2016-12-24,1
rakuten,2016-12-24,0
jalan,2016-12-26,0
rakuten,2016-12-26,3
jalan,2016-12-29,0
rakuten,2016-12-29,1
jalan,2016-12-30,0
rakuten,2016-12-30,1
jalan,2017-01-01,0
rakuten,2017-01-01,1
jalan,2017-01-04,2
rakuten,2017-01-04,5
jalan,2017-01-05,1
rakuten,2017-01-05,3
jalan,2017-01-06,2
rakuten,2017-01-06,3
jalan,2017-01-07,1
rakuten,2017-01-07,4
jalan,2017-01-10,0
rakuten,2017-01-10,2
jalan,2017-01-11,0
rakuten,2017-01-11,2
jalan,2017-01-12,0
rakuten,2017-01-12,1
jalan,2017-01-13,1
rakuten,2017-01-13,1
jalan,2017-01-14,0
rakuten,2017-01-14,2
jalan,2017-01-15,0
rakuten,2017-01-15,1
jalan,2017-01-16,0
rakuten,2017-01-16,2
jalan,2017-01-17,0
rakuten,2017-01-17,2
jalan,2017-01-18,0
rakuten,2017-01-18,2
jalan,2017-01-19,0
rakuten,2017-01-19,3
jalan,2017-01-20,0
rakuten,2017-01-20,1
jalan,2017-01-21,1
rakuten,2017-01-21,1
jalan,2017-01-23,0
rakuten,2017-01-23,1
jalan,2017-01-24,1
rakuten,2017-01-24,1
jalan,2017-01-25,0
rakuten,2017-01-25,2
jalan,2017-01-26,1
rakuten,2017-01-26,4
jalan,2017-01-27,0
rakuten,2017-01-27,4
jalan,2017-01-28,3
rakuten,2017-01-28,2
jalan,2017-01-29,0
rakuten,2017-01-29,3
jalan,2017-01-31,0
rakuten,2017-01-31,1
jalan,2017-02-01,0
rakuten,2017-02-01,2
jalan,2017-02-02,0
rakuten,2017-02-02,1
jalan,2017-02-03,0
rakuten,2017-02-03,2
jalan,2017-02-04,2
rakuten,2017-02-04,3
jalan,2017-02-06,1
rakuten,2017-02-06,1
jalan,2017-02-07,1
rakuten,2017-02-07,1
jalan,2017-02-08,0
rakuten,2017-02-08,2
jalan,2017-02-09,3
rakuten,2017-02-09,1
jalan,2017-02-10,0
rakuten,2017-02-10,2
jalan,2017-02-11,1
rakuten,2017-02-11,4
jalan,2017-02-12,0
rakuten,2017-02-12,1
jalan,2017-02-13,2
rakuten,2017-02-13,0
jalan,2017-02-14,1
rakuten,2017-02-14,2
jalan,2017-02-15,1
rakuten,2017-02-15,1
jalan,2017-02-16,0
rakuten,2017-02-16,1
jalan,2017-02-17,2
rakuten,2017-02-17,6
jalan,2017-02-18,2
rakuten,2017-02-18,1
jalan,2017-02-19,1
rakuten,2017-02-19,0
jalan,2017-02-20,0
rakuten,2017-02-20,1
jalan,2017-02-21,1
rakuten,2017-02-21,4
jalan,2017-02-22,2
rakuten,2017-02-22,2
jalan,2017-02-23,0
rakuten,2017-02-23,2
jalan,2017-02-24,0
rakuten,2017-02-24,4
jalan,2017-02-25,3
rakuten,2017-02-25,3
jalan,2017-02-26,1
rakuten,2017-02-26,0
jalan,2017-02-27,0
rakuten,2017-02-27,1
jalan,2017-02-28,1
rakuten,2017-02-28,3
jalan,2017-03-01,0
rakuten,2017-03-01,4
jalan,2017-03-02,0
rakuten,2017-03-02,2
jalan,2017-03-03,0
rakuten,2017-03-03,1
jalan,2017-03-04,4
rakuten,2017-03-04,3
jalan,2017-03-05,0
rakuten,2017-03-05,2
jalan,2017-03-06,0
rakuten,2017-03-06,3
jalan,2017-03-07,0
rakuten,2017-03-07,2
jalan,2017-03-08,2
rakuten,2017-03-08,0
jalan,2017-03-09,0
rakuten,2017-03-09,4
jalan,2017-03-10,3
rakuten,2017-03-10,1
jalan,2017-03-12,1
rakuten,2017-03-12,2
jalan,2017-03-13,1
rakuten,2017-03-13,0
jalan,2017-03-15,0
rakuten,2017-03-15,2
jalan,2017-03-17,2
rakuten,2017-03-17,1
jalan,2017-03-18,0
rakuten,2017-03-18,1
jalan,2017-03-19,0
rakuten,2017-03-19,1
jalan,2017-03-23,1
rakuten,2017-03-23,1
jalan,2017-03-24,2
rakuten,2017-03-24,0
jalan,2017-03-25,0
rakuten,2017-03-25,2
jalan,2017-03-26,0
rakuten,2017-03-26,4
jalan,2017-03-27,0
rakuten,2017-03-27,2
jalan,2017-03-29,0
rakuten,2017-03-29,2
jalan,2017-04-01,1
rakuten,2017-04-01,1
jalan,2017-04-02,0
rakuten,2017-04-02,3
jalan,2017-04-03,0
rakuten,2017-04-03,2
jalan,2017-04-04,0
rakuten,2017-04-04,1
jalan,2017-04-05,0
rakuten,2017-04-05,2
jalan,2017-04-06,0
rakuten,2017-04-06,1
jalan,2017-04-07,2
rakuten,2017-04-07,3
jalan,2017-04-08,1
rakuten,2017-04-08,0
jalan,2017-04-11,0
rakuten,2017-04-11,3
jalan,2017-04-14,1
rakuten,2017-04-14,2
jalan,2017-04-15,0
rakuten,2017-04-15,2
jalan,2017-04-16,1
rakuten,2017-04-16,1
jalan,2017-04-17,0
rakuten,2017-04-17,1
jalan,2017-04-19,0
rakuten,2017-04-19,1
jalan,2017-04-20,1
rakuten,2017-04-20,1
jalan,2017-04-21,0
rakuten,2017-04-21,2
jalan,2017-04-22,2
rakuten,2017-04-22,3
jalan,2017-04-23,0
rakuten,2017-04-23,2
jalan,2017-04-24,0
rakuten,2017-04-24,3
jalan,2017-04-25,0
rakuten,2017-04-25,1
jalan,2017-04-26,0
rakuten,2017-04-26,1
jalan,2017-04-27,0
rakuten,2017-04-27,3
jalan,2017-04-28,0
rakuten,2017-04-28,6
jalan,2017-04-29,0
rakuten,2017-04-29,2
jalan,2017-04-30,1
rakuten,2017-04-30,9
jalan,2017-05-01,0
rakuten,2017-05-01,3
jalan,2017-05-02,2
rakuten,2017-05-02,5
jalan,2017-05-03,0
rakuten,2017-05-03,5
jalan,2017-05-04,2
rakuten,2017-05-04,9
jalan,2017-05-05,0
rakuten,2017-05-05,2
jalan,2017-05-07,1
rakuten,2017-05-07,2
jalan,2017-05-08,1
rakuten,2017-05-08,1
jalan,2017-05-09,2
rakuten,2017-05-09,0
jalan,2017-05-11,0
rakuten,2017-05-11,1
jalan,2017-05-12,1
rakuten,2017-05-12,3
jalan,2017-05-13,4
rakuten,2017-05-13,4
jalan,2017-05-14,1
rakuten,2017-05-14,2
jalan,2017-05-15,1
rakuten,2017-05-15,1
jalan,2017-05-16,2
rakuten,2017-05-16,3
jalan,2017-05-17,0
rakuten,2017-05-17,4
jalan,2017-05-18,0
rakuten,2017-05-18,10
jalan,2017-05-19,4
rakuten,2017-05-19,4
jalan,2017-05-20,3
rakuten,2017-05-20,6
jalan,2017-05-21,1
rakuten,2017-05-21,2
jalan,2017-05-22,2
rakuten,2017-05-22,1
jalan,2017-05-23,1
rakuten,2017-05-23,2
jalan,2017-05-24,0
rakuten,2017-05-24,4
jalan,2017-05-26,0
rakuten,2017-05-26,5
jalan,2017-05-27,1
rakuten,2017-05-27,4
jalan,2017-05-28,2
rakuten,2017-05-28,3
jalan,2017-05-29,1
rakuten,2017-05-29,2
jalan,2017-05-30,1
rakuten,2017-05-30,4
jalan,2017-05-31,2
rakuten,2017-05-31,3
jalan,2017-06-01,1
rakuten,2017-06-01,4
jalan,2017-06-02,3
rakuten,2017-06-02,12
jalan,2017-06-03,6
rakuten,2017-06-03,5
jalan,2017-06-04,2
rakuten,2017-06-04,4
jalan,2017-06-05,2
rakuten,2017-06-05,6
jalan,2017-06-06,1
rakuten,2017-06-06,11
jalan,2017-06-07,4
rakuten,2017-06-07,0
jalan,2017-06-08,2
rakuten,2017-06-08,2
jalan,2017-06-09,0
rakuten,2017-06-09,4
jalan,2017-06-10,4
rakuten,2017-06-10,2
jalan,2017-06-11,3
rakuten,2017-06-11,4
jalan,2017-06-12,1
rakuten,2017-06-12,5
jalan,2017-06-13,1
rakuten,2017-06-13,6
jalan,2017-06-14,1
rakuten,2017-06-14,2
jalan,2017-06-15,1
rakuten,2017-06-15,6
jalan,2017-06-16,3
rakuten,2017-06-16,13
jalan,2017-06-17,6
rakuten,2017-06-17,7
jalan,2017-06-18,2
rakuten,2017-06-18,1
jalan,2017-06-19,4
rakuten,2017-06-19,7
jalan,2017-06-20,2
rakuten,2017-06-20,3
jalan,2017-06-21,1
rakuten,2017-06-21,1
jalan,2017-06-22,2
rakuten,2017-06-22,9
jalan,2017-06-23,5
rakuten,2017-06-23,6
jalan,2017-06-24,13
rakuten,2017-06-24,9
jalan,2017-06-25,4
rakuten,2017-06-25,5
jalan,2017-06-26,4
rakuten,2017-06-26,3
jalan,2017-06-27,2
rakuten,2017-06-27,3
jalan,2017-06-28,1
rakuten,2017-06-28,5
jalan,2017-06-29,3
rakuten,2017-06-29,5
jalan,2017-06-30,4
rakuten,2017-06-30,12
jalan,2017-07-01,5
rakuten,2017-07-01,1
jalan,2017-07-02,2
rakuten,2017-07-02,4
jalan,2017-07-03,2
rakuten,2017-07-03,3
jalan,2017-07-04,3
rakuten,2017-07-04,1
jalan,2017-07-05,1
rakuten,2017-07-05,3
jalan,2017-07-06,1
rakuten,2017-07-06,6
jalan,2017-07-07,9
rakuten,2017-07-07,13
jalan,2017-07-08,5
rakuten,2017-07-08,9
jalan,2017-07-09,2
rakuten,2017-07-09,4
jalan,2017-07-10,0
rakuten,2017-07-10,3
jalan,2017-07-11,2
rakuten,2017-07-11,2
jalan,2017-07-12,4
rakuten,2017-07-12,3
jalan,2017-07-13,10
rakuten,2017-07-13,6
jalan,2017-07-14,3
rakuten,2017-07-14,7
jalan,2017-07-15,3
rakuten,2017-07-15,10
jalan,2017-07-16,0
rakuten,2017-07-16,6
jalan,2017-07-18,0
rakuten,2017-07-18,1
jalan,2017-07-19,0
rakuten,2017-07-19,6
jalan,2017-07-20,0
rakuten,2017-07-20,5
jalan,2017-07-21,1
rakuten,2017-07-21,5
jalan,2017-07-22,1
rakuten,2017-07-22,3
jalan,2017-07-23,1
rakuten,2017-07-23,3
jalan,2017-07-24,0
rakuten,2017-07-24,3
jalan,2017-07-25,2
rakuten,2017-07-25,3
jalan,2017-07-26,0
rakuten,2017-07-26,6
jalan,2017-07-27,4
rakuten,2017-07-27,2
jalan,2017-07-28,3
rakuten,2017-07-28,5
jalan,2017-07-29,1
rakuten,2017-07-29,3
jalan,2017-07-30,4
rakuten,2017-07-30,1
jalan,2017-07-31,6
rakuten,2017-07-31,2
jalan,2017-08-01,6
rakuten,2017-08-01,4
jalan,2017-08-02,4
rakuten,2017-08-02,2
jalan,2017-08-03,2
rakuten,2017-08-03,7
jalan,2017-08-04,1
rakuten,2017-08-04,2
jalan,2017-08-05,1
rakuten,2017-08-05,1
jalan,2017-08-06,2
rakuten,2017-08-06,4
jalan,2017-08-07,0
rakuten,2017-08-07,2
jalan,2017-08-08,1
rakuten,2017-08-08,7
jalan,2017-08-09,4
rakuten,2017-08-09,14
jalan,2017-08-10,0
rakuten,2017-08-10,4
jalan,2017-08-11,3
rakuten,2017-08-11,4
jalan,2017-08-12,3
rakuten,2017-08-12,7
jalan,2017-08-13,4
rakuten,2017-08-13,13
jalan,2017-08-14,2
rakuten,2017-08-14,17
jalan,2017-08-15,0
rakuten,2017-08-15,14
jalan,2017-08-16,0
rakuten,2017-08-16,6
jalan,2017-08-17,0
rakuten,2017-08-17,6
jalan,2017-08-18,0
rakuten,2017-08-18,2
jalan,2017-08-19,0
rakuten,2017-08-19,1
jalan,2017-08-20,10
rakuten,2017-08-20,3
jalan,2017-08-21,7
rakuten,2017-08-21,4
jalan,2017-08-22,3
rakuten,2017-08-22,2
jalan,2017-08-23,5
rakuten,2017-08-23,4
jalan,2017-08-24,6
rakuten,2017-08-24,3
jalan,2017-08-25,2
rakuten,2017-08-25,9
jalan,2017-08-26,3
rakuten,2017-08-26,1
jalan,2017-08-27,8
rakuten,2017-08-27,3
jalan,2017-08-28,4
rakuten,2017-08-28,2
jalan,2017-08-29,3
rakuten,2017-08-29,1
jalan,2017-08-30,3
rakuten,2017-08-30,5
jalan,2017-08-31,2
rakuten,2017-08-31,4
jalan,2017-09-01,3
rakuten,2017-09-01,4
jalan,2017-09-02,1
rakuten,2017-09-02,4
jalan,2017-09-03,1
rakuten,2017-09-03,0
jalan,2017-09-04,2
rakuten,2017-09-04,3
jalan,2017-09-05,1
rakuten,2017-09-05,4
jalan,2017-09-06,2
rakuten,2017-09-06,7
jalan,2017-09-07,1
rakuten,2017-09-07,5
jalan,2017-09-08,1
rakuten,2017-09-08,3
jalan,2017-09-09,3
rakuten,2017-09-09,5
jalan,2017-09-10,2
rakuten,2017-09-10,2
jalan,2017-09-11,1
rakuten,2017-09-11,8
jalan,2017-09-12,3
rakuten,2017-09-12,4
jalan,2017-09-13,1
rakuten,2017-09-13,8
jalan,2017-09-14,0
rakuten,2017-09-14,16
jalan,2017-09-15,0
rakuten,2017-09-15,3
jalan,2017-09-16,5
rakuten,2017-09-16,5
jalan,2017-09-17,2
rakuten,2017-09-17,5
jalan,2017-09-18,3
rakuten,2017-09-18,3
jalan,2017-09-19,2
rakuten,2017-09-19,1
jalan,2017-09-20,3
rakuten,2017-09-20,1
jalan,2017-09-21,1
rakuten,2017-09-21,7
jalan,2017-09-22,2
rakuten,2017-09-22,4
jalan,2017-09-23,7
rakuten,2017-09-23,10
jalan,2017-09-24,2
rakuten,2017-09-24,2
jalan,2017-09-25,3
rakuten,2017-09-25,2
jalan,2017-09-26,1
rakuten,2017-09-26,2
jalan,2017-09-27,2
rakuten,2017-09-27,3
jalan,2017-09-28,1
rakuten,2017-09-28,2
jalan,2017-09-29,5
rakuten,2017-09-29,2
jalan,2017-09-30,1
rakuten,2017-09-30,9
jalan,2017-10-01,0
rakuten,2017-10-01,4
jalan,2017-10-02,1
rakuten,2017-10-02,3
jalan,2017-10-03,0
rakuten,2017-10-03,2
jalan,2017-10-04,0
rakuten,2017-10-04,1
jalan,2017-10-06,1
rakuten,2017-10-06,6
jalan,2017-10-07,0
rakuten,2017-10-07,3
jalan,2017-10-08,1
rakuten,2017-10-08,1
jalan,2017-10-10,1
rakuten,2017-10-10,4
jalan,2017-10-11,1
rakuten,2017-10-11,1
jalan,2017-10-12,3
rakuten,2017-10-12,2
jalan,2017-10-13,2
rakuten,2017-10-13,5
jalan,2017-10-14,0
rakuten,2017-10-14,4
jalan,2017-10-16,1
rakuten,2017-10-16,1
jalan,2017-10-17,1
rakuten,2017-10-17,6
jalan,2017-10-18,2
rakuten,2017-10-18,1
jalan,2017-10-19,0
rakuten,2017-10-19,4
jalan,2017-10-20,1
rakuten,2017-10-20,0
jalan,2017-10-21,1
rakuten,2017-10-21,1
jalan,2017-10-22,1
rakuten,2017-10-22,2
jalan,2017-10-23,1
rakuten,2017-10-23,1
jalan,2017-10-24,0
rakuten,2017-10-24,4
jalan,2017-10-25,2
rakuten,2017-10-25,1
jalan,2017-10-26,0
rakuten,2017-10-26,1
jalan,2017-10-27,3
rakuten,2017-10-27,4
jalan,2017-10-28,3
rakuten,2017-10-28,4
jalan,2017-10-29,2
rakuten,2017-10-29,1
jalan,2017-10-30,1
rakuten,2017-10-30,4
jalan,2017-10-31,0
rakuten,2017-10-31,2
jalan,2017-11-01,1
rakuten,2017-11-01,2
jalan,2017-11-02,1
rakuten,2017-11-02,7
jalan,2017-11-03,4
rakuten,2017-11-03,7
jalan,2017-11-04,1
rakuten,2017-11-04,2
jalan,2017-11-05,0
rakuten,2017-11-05,3
jalan,2017-11-06,2
rakuten,2017-11-06,2
jalan,2017-11-07,0
rakuten,2017-11-07,3
jalan,2017-11-08,1
rakuten,2017-11-08,2
jalan,2017-11-09,2
rakuten,2017-11-09,3
jalan,2017-11-10,1
rakuten,2017-11-10,3
jalan,2017-11-11,0
rakuten,2017-11-11,3
jalan,2017-11-12,1
rakuten,2017-11-12,3
jalan,2017-11-13,0
rakuten,2017-11-13,1
jalan,2017-11-14,2
rakuten,2017-11-14,1
jalan,2017-11-15,1
rakuten,2017-11-15,1
jalan,2017-11-16,1
rakuten,2017-11-16,2
jalan,2017-11-17,0
rakuten,2017-11-17,2
jalan,2017-11-18,1
rakuten,2017-11-18,5
jalan,2017-11-19,0
rakuten,2017-11-19,1
jalan,2017-11-20,2
rakuten,2017-11-20,2
jalan,2017-11-22,0
rakuten,2017-11-22,2
jalan,2017-11-23,0
rakuten,2017-11-23,7
jalan,2017-11-24,0
rakuten,2017-11-24,2
jalan,2017-11-28,1
rakuten,2017-11-28,0
jalan,2017-11-29,0
rakuten,2017-11-29,2
jalan,2017-11-30,0
rakuten,2017-11-30,1
jalan,2017-12-01,1
rakuten,2017-12-01,3
jalan,2017-12-02,0
rakuten,2017-12-02,3
jalan,2017-12-03,0
rakuten,2017-12-03,1
jalan,2017-12-04,0
rakuten,2017-12-04,3
jalan,2017-12-05,1
rakuten,2017-12-05,2
jalan,2017-12-06,0
rakuten,2017-12-06,2
jalan,2017-12-07,1
rakuten,2017-12-07,0
jalan,2017-12-08,0
rakuten,2017-12-08,3
jalan,2017-12-09,1
rakuten,2017-12-09,1
jalan,2017-12-10,1
rakuten,2017-12-10,0
jalan,2017-12-11,1
rakuten,2017-12-11,1
jalan,2017-12-12,1
rakuten,2017-12-12,1
jalan,2017-12-13,0
rakuten,2017-12-13,1
jalan,2017-12-14,0
rakuten,2017-12-14,4
jalan,2017-12-15,0
rakuten,2017-12-15,1
jalan,2017-12-16,1
rakuten,2017-12-16,5
jalan,2017-12-17,1
rakuten,2017-12-17,2
jalan,2017-12-18,0
rakuten,2017-12-18,2
jalan,2017-12-19,2
rakuten,2017-12-19,2
jalan,2017-12-20,0
rakuten,2017-12-20,3
jalan,2017-12-21,2
rakuten,2017-12-21,1
jalan,2017-12-22,1
rakuten,2017-12-22,2
jalan,2017-12-23,1
rakuten,2017-12-23,7
jalan,2017-12-24,0
rakuten,2017-12-24,5
jalan,2017-12-25,0
rakuten,2017-12-25,2
jalan,2017-12-26,1
rakuten,2017-12-26,1
jalan,2017-12-27,0
rakuten,2017-12-27,4
jalan,2017-12-28,0
rakuten,2017-12-28,1
jalan,2017-12-29,0
rakuten,2017-12-29,1
jalan,2018-01-01,0
rakuten,2018-01-01,2
jalan,2018-01-02,0
rakuten,2018-01-02,1
jalan,2018-01-04,0
rakuten,2018-01-04,6
jalan,2018-01-05,0
rakuten,2018-01-05,7
jalan,2018-01-06,0
rakuten,2018-01-06,5
jalan,2018-01-07,2
rakuten,2018-01-07,4
jalan,2018-01-10,0
rakuten,2018-01-10,2
jalan,2018-01-11,3
rakuten,2018-01-11,0
jalan,2018-01-12,1
rakuten,2018-01-12,1
jalan,2018-01-13,1
rakuten,2018-01-13,2
jalan,2018-01-14,0
rakuten,2018-01-14,2
jalan,2018-01-15,0
rakuten,2018-01-15,5
jalan,2018-01-16,0
rakuten,2018-01-16,5
jalan,2018-01-17,3
rakuten,2018-01-17,2
jalan,2018-01-18,0
rakuten,2018-01-18,1
jalan,2018-01-19,1
rakuten,2018-01-19,4
jalan,2018-01-20,0
rakuten,2018-01-20,7
jalan,2018-01-21,0
rakuten,2018-01-21,2
jalan,2018-01-22,1
rakuten,2018-01-22,0
jalan,2018-01-23,0
rakuten,2018-01-23,1
jalan,2018-01-24,0
rakuten,2018-01-24,1
jalan,2018-01-25,0
rakuten,2018-01-25,2
jalan,2018-01-26,1
rakuten,2018-01-26,3
jalan,2018-01-27,0
rakuten,2018-01-27,4
jalan,2018-01-28,0
rakuten,2018-01-28,3
jalan,2018-01-29,1
rakuten,2018-01-29,1
jalan,2018-01-30,1
rakuten,2018-01-30,0
jalan,2018-01-31,1
rakuten,2018-01-31,2
jalan,2018-02-01,1
rakuten,2018-02-01,3
jalan,2018-02-02,0
rakuten,2018-02-02,1
jalan,2018-02-03,1
rakuten,2018-02-03,3
jalan,2018-02-04,2
rakuten,2018-02-04,1
jalan,2018-02-05,3
rakuten,2018-02-05,0
jalan,2018-02-06,0
rakuten,2018-02-06,1
jalan,2018-02-07,0
rakuten,2018-02-07,1
jalan,2018-02-08,2
rakuten,2018-02-08,0
jalan,2018-02-09,1
rakuten,2018-02-09,5
jalan,2018-02-10,2
rakuten,2018-02-10,2
jalan,2018-02-11,4
rakuten,2018-02-11,1
jalan,2018-02-12,1
rakuten,2018-02-12,2
jalan,2018-02-13,1
rakuten,2018-02-13,3
jalan,2018-02-14,2
rakuten,2018-02-14,1
jalan,2018-02-15,1
rakuten,2018-02-15,2
jalan,2018-02-16,3
rakuten,2018-02-16,3
jalan,2018-02-17,1
rakuten,2018-02-17,1
jalan,2018-02-18,0
rakuten,2018-02-18,4
jalan,2018-02-19,1
rakuten,2018-02-19,0
jalan,2018-02-20,2
rakuten,2018-02-20,1
jalan,2018-02-21,1
rakuten,2018-02-21,2
jalan,2018-02-22,2
rakuten,2018-02-22,2
jalan,2018-02-23,1
rakuten,2018-02-23,1
jalan,2018-02-24,2
rakuten,2018-02-24,1
jalan,2018-02-25,1
rakuten,2018-02-25,0
jalan,2018-02-27,1
rakuten,2018-02-27,0
jalan,2018-02-28,0
rakuten,2018-02-28,1
jalan,2018-03-01,0
rakuten,2018-03-01,1
jalan,2018-03-02,1
rakuten,2018-03-02,0
jalan,2018-03-03,0
rakuten,2018-03-03,3
jalan,2018-03-04,2
rakuten,2018-03-04,3
jalan,2018-03-05,1
rakuten,2018-03-05,1
jalan,2018-03-06,0
rakuten,2018-03-06,1
jalan,2018-03-07,1
rakuten,2018-03-07,5
jalan,2018-03-08,2
rakuten,2018-03-08,1
jalan,2018-03-09,2
rakuten,2018-03-09,5
jalan,2018-03-10,1
rakuten,2018-03-10,3
jalan,2018-03-11,0
rakuten,2018-03-11,1
jalan,2018-03-13,0
rakuten,2018-03-13,2
jalan,2018-03-14,0
rakuten,2018-03-14,3
jalan,2018-03-15,1
rakuten,2018-03-15,2
jalan,2018-03-16,0
rakuten,2018-03-16,2
jalan,2018-03-17,0
rakuten,2018-03-17,5
jalan,2018-03-18,0
rakuten,2018-03-18,7
jalan,2018-03-19,0
rakuten,2018-03-19,2
jalan,2018-03-20,0
rakuten,2018-03-20,1
jalan,2018-03-21,1
rakuten,2018-03-21,3
jalan,2018-03-23,0
rakuten,2018-03-23,5
jalan,2018-03-24,0
rakuten,2018-03-24,1
jalan,2018-03-25,1
rakuten,2018-03-25,2
jalan,2018-03-26,1
rakuten,2018-03-26,1
jalan,2018-03-27,1
rakuten,2018-03-27,3
jalan,2018-03-28,1
rakuten,2018-03-28,6
jalan,2018-03-29,1
rakuten,2018-03-29,2
jalan,2018-03-30,0
rakuten,2018-03-30,4
jalan,2018-03-31,1
rakuten,2018-03-31,4
jalan,2018-04-01,3
rakuten,2018-04-01,2
jalan,2018-04-02,2
rakuten,2018-04-02,2
jalan,2018-04-03,1
rakuten,2018-04-03,1
jalan,2018-04-04,0
rakuten,2018-04-04,2
jalan,2018-04-05,1
rakuten,2018-04-05,1
jalan,2018-04-06,0
rakuten,2018-04-06,3
jalan,2018-04-07,1
rakuten,2018-04-07,5
jalan,2018-04-08,1
rakuten,2018-04-08,1
jalan,2018-04-09,0
rakuten,2018-04-09,3
jalan,2018-04-10,1
rakuten,2018-04-10,1
jalan,2018-04-11,1
rakuten,2018-04-11,2
jalan,2018-04-12,0
rakuten,2018-04-12,1
jalan,2018-04-13,3
rakuten,2018-04-13,1
jalan,2018-04-14,1
rakuten,2018-04-14,2
jalan,2018-04-15,3
rakuten,2018-04-15,2
jalan,2018-04-16,1
rakuten,2018-04-16,1
jalan,2018-04-17,1
rakuten,2018-04-17,3
jalan,2018-04-18,1
rakuten,2018-04-18,2
jalan,2018-04-19,1
rakuten,2018-04-19,2
jalan,2018-04-20,3
rakuten,2018-04-20,2
jalan,2018-04-21,4
rakuten,2018-04-21,1
jalan,2018-04-22,1
rakuten,2018-04-22,0
jalan,2018-04-23,0
rakuten,2018-04-23,3
jalan,2018-04-24,2
rakuten,2018-04-24,1
jalan,2018-04-25,1
rakuten,2018-04-25,0
jalan,2018-04-26,1
rakuten,2018-04-26,1
jalan,2018-04-27,1
rakuten,2018-04-27,0
jalan,2018-04-28,3
rakuten,2018-04-28,2
jalan,2018-04-29,0
rakuten,2018-04-29,1
jalan,2018-04-30,1
rakuten,2018-04-30,1
jalan,2018-05-01,1
rakuten,2018-05-01,0
jalan,2018-05-02,2
rakuten,2018-05-02,3
jalan,2018-05-03,5
rakuten,2018-05-03,3
jalan,2018-05-04,3
rakuten,2018-05-04,5
jalan,2018-05-07,0
rakuten,2018-05-07,6
jalan,2018-05-08,0
rakuten,2018-05-08,2
jalan,2018-05-11,1
rakuten,2018-05-11,3
jalan,2018-05-12,2
rakuten,2018-05-12,3
jalan,2018-05-13,0
rakuten,2018-05-13,1
jalan,2018-05-14,0
rakuten,2018-05-14,7
jalan,2018-05-15,1
rakuten,2018-05-15,4
jalan,2018-05-16,0
rakuten,2018-05-16,1
jalan,2018-05-17,0
rakuten,2018-05-17,2
jalan,2018-05-18,0
rakuten,2018-05-18,4
jalan,2018-05-19,2
rakuten,2018-05-19,2
jalan,2018-05-20,1
rakuten,2018-05-20,1
jalan,2018-05-21,1
rakuten,2018-05-21,0
jalan,2018-05-22,1
rakuten,2018-05-22,1
jalan,2018-05-23,0
rakuten,2018-05-23,4
jalan,2018-05-24,1
rakuten,2018-05-24,2
jalan,2018-05-25,0
rakuten,2018-05-25,5
jalan,2018-05-26,6
rakuten,2018-05-26,9
jalan,2018-05-27,0
rakuten,2018-05-27,2
jalan,2018-05-28,1
rakuten,2018-05-28,2
jalan,2018-05-29,1
rakuten,2018-05-29,4
jalan,2018-05-30,0
rakuten,2018-05-30,2
jalan,2018-05-31,2
rakuten,2018-05-31,3
jalan,2018-06-01,2
rakuten,2018-06-01,3
jalan,2018-06-02,1
rakuten,2018-06-02,3
jalan,2018-06-03,1
rakuten,2018-06-03,2
jalan,2018-06-04,3
rakuten,2018-06-04,2
jalan,2018-06-05,0
rakuten,2018-06-05,3
jalan,2018-06-06,0
rakuten,2018-06-06,5
jalan,2018-06-07,3
rakuten,2018-06-07,1
jalan,2018-06-08,1
rakuten,2018-06-08,2
jalan,2018-06-09,1
rakuten,2018-06-09,3
jalan,2018-06-10,0
rakuten,2018-06-10,1
jalan,2018-06-11,0
rakuten,2018-06-11,5
jalan,2018-06-12,0
rakuten,2018-06-12,3
jalan,2018-06-13,0
rakuten,2018-06-13,4
jalan,2018-06-14,2
rakuten,2018-06-14,3
jalan,2018-06-15,0
rakuten,2018-06-15,12
jalan,2018-06-16,2
rakuten,2018-06-16,8
jalan,2018-06-17,2
rakuten,2018-06-17,2
jalan,2018-06-18,1
rakuten,2018-06-18,3
jalan,2018-06-19,1
rakuten,2018-06-19,1
jalan,2018-06-20,1
rakuten,2018-06-20,4
jalan,2018-06-21,2
rakuten,2018-06-21,8
jalan,2018-06-22,3
rakuten,2018-06-22,4
jalan,2018-06-23,4
rakuten,2018-06-23,9
jalan,2018-06-24,2
rakuten,2018-06-24,6
jalan,2018-06-25,1
rakuten,2018-06-25,3
jalan,2018-06-26,3
rakuten,2018-06-26,5
jalan,2018-06-27,2
rakuten,2018-06-27,13
jalan,2018-06-28,2
rakuten,2018-06-28,4
jalan,2018-06-29,3
rakuten,2018-06-29,9
jalan,2018-06-30,2
rakuten,2018-06-30,2
jalan,2018-07-01,0
rakuten,2018-07-01,2
jalan,2018-07-02,0
rakuten,2018-07-02,6
jalan,2018-07-03,0
rakuten,2018-07-03,3
jalan,2018-07-05,0
rakuten,2018-07-05,7
jalan,2018-07-06,2
rakuten,2018-07-06,9
jalan,2018-07-07,7
rakuten,2018-07-07,6
jalan,2018-07-08,0
rakuten,2018-07-08,5
jalan,2018-07-09,0
rakuten,2018-07-09,4
jalan,2018-07-10,1
rakuten,2018-07-10,3
jalan,2018-07-11,2
rakuten,2018-07-11,1
jalan,2018-07-12,1
rakuten,2018-07-12,3
jalan,2018-07-13,2
rakuten,2018-07-13,4
jalan,2018-07-14,1
rakuten,2018-07-14,8
jalan,2018-07-15,4
rakuten,2018-07-15,4
jalan,2018-07-16,1
rakuten,2018-07-16,1
jalan,2018-07-17,1
rakuten,2018-07-17,2
jalan,2018-07-18,2
rakuten,2018-07-18,4
jalan,2018-07-19,1
rakuten,2018-07-19,8
jalan,2018-07-20,0
rakuten,2018-07-20,11
jalan,2018-07-21,6
rakuten,2018-07-21,10
jalan,2018-07-22,1
rakuten,2018-07-22,11
jalan,2018-07-23,1
rakuten,2018-07-23,11
jalan,2018-07-24,5
rakuten,2018-07-24,10
jalan,2018-07-25,5
rakuten,2018-07-25,8
jalan,2018-07-26,2
rakuten,2018-07-26,8
jalan,2018-07-27,2
rakuten,2018-07-27,13
jalan,2018-07-28,8
rakuten,2018-07-28,14
jalan,2018-07-29,6
rakuten,2018-07-29,6
jalan,2018-07-30,1
rakuten,2018-07-30,8
jalan,2018-07-31,2
rakuten,2018-07-31,5
jalan,2018-08-01,1
rakuten,2018-08-01,3
jalan,2018-08-02,2
rakuten,2018-08-02,3
jalan,2018-08-03,5
rakuten,2018-08-03,6
jalan,2018-08-04,5
rakuten,2018-08-04,14
jalan,2018-08-05,2
rakuten,2018-08-05,3
jalan,2018-08-06,3
rakuten,2018-08-06,4
jalan,2018-08-07,4
rakuten,2018-08-07,5
jalan,2018-08-08,2
rakuten,2018-08-08,6
jalan,2018-08-09,2
rakuten,2018-08-09,10
jalan,2018-08-10,2
rakuten,2018-08-10,1
jalan,2018-08-11,7
rakuten,2018-08-11,13
jalan,2018-08-12,3
rakuten,2018-08-12,17
jalan,2018-08-13,9
rakuten,2018-08-13,12
jalan,2018-08-14,1
rakuten,2018-08-14,18
jalan,2018-08-15,4
rakuten,2018-08-15,9
jalan,2018-08-16,5
rakuten,2018-08-16,5
jalan,2018-08-17,1
rakuten,2018-08-17,11
jalan,2018-08-18,2
rakuten,2018-08-18,7
jalan,2018-08-19,6
rakuten,2018-08-19,3
jalan,2018-08-20,10
rakuten,2018-08-20,7
jalan,2018-08-21,8
rakuten,2018-08-21,7
jalan,2018-08-22,7
rakuten,2018-08-22,11
jalan,2018-08-23,2
rakuten,2018-08-23,7
jalan,2018-08-24,4
rakuten,2018-08-24,6
jalan,2018-08-25,5
rakuten,2018-08-25,6
jalan,2018-08-26,6
rakuten,2018-08-26,5
jalan,2018-08-27,6
rakuten,2018-08-27,8
jalan,2018-08-28,4
rakuten,2018-08-28,5
jalan,2018-08-29,3
rakuten,2018-08-29,3
jalan,2018-08-30,1
rakuten,2018-08-30,2
jalan,2018-08-31,1
rakuten,2018-08-31,10
jalan,2018-09-01,8
rakuten,2018-09-01,5
jalan,2018-09-02,6
rakuten,2018-09-02,2
jalan,2018-09-03,6
rakuten,2018-09-03,1
jalan,2018-09-04,3
rakuten,2018-09-04,3
jalan,2018-09-05,3
rakuten,2018-09-05,3
jalan,2018-09-06,1
rakuten,2018-09-06,2
jalan,2018-09-07,1
rakuten,2018-09-07,1
jalan,2018-09-08,1
rakuten,2018-09-08,1
jalan,2018-09-09,1
rakuten,2018-09-09,0
jalan,2018-09-11,2
rakuten,2018-09-11,0
jalan,2018-09-12,2
rakuten,2018-09-12,1
jalan,2018-09-13,3
rakuten,2018-09-13,3
jalan,2018-09-14,2
rakuten,2018-09-14,2
jalan,2018-09-15,3
rakuten,2018-09-15,2
jalan,2018-09-16,0
rakuten,2018-09-16,1
jalan,2018-09-17,1
rakuten,2018-09-17,0
jalan,2018-09-18,2
rakuten,2018-09-18,3
jalan,2018-09-19,4
rakuten,2018-09-19,7
jalan,2018-09-20,11
rakuten,2018-09-20,7
jalan,2018-09-21,3
rakuten,2018-09-21,5
jalan,2018-09-22,3
rakuten,2018-09-22,1
jalan,2018-09-23,0
rakuten,2018-09-23,5
jalan,2018-09-24,2
rakuten,2018-09-24,0
jalan,2018-09-25,2
rakuten,2018-09-25,1
jalan,2018-09-26,2
rakuten,2018-09-26,1
jalan,2018-09-27,0
rakuten,2018-09-27,2
jalan,2018-09-28,2
rakuten,2018-09-28,5
jalan,2018-09-29,8
rakuten,2018-09-29,0
jalan,2018-09-30,1
rakuten,2018-09-30,3
jalan,2018-10-01,4
rakuten,2018-10-01,1
jalan,2018-10-02,0
rakuten,2018-10-02,4
jalan,2018-10-03,1
rakuten,2018-10-03,2
jalan,2018-10-04,2
rakuten,2018-10-04,11
jalan,2018-10-05,1
rakuten,2018-10-05,5
jalan,2018-10-06,2
rakuten,2018-10-06,4
jalan,2018-10-07,1
rakuten,2018-10-07,0
jalan,2018-10-08,0
rakuten,2018-10-08,3
jalan,2018-10-09,0
rakuten,2018-10-09,3
jalan,2018-10-10,1
rakuten,2018-10-10,5
jalan,2018-10-11,3
rakuten,2018-10-11,2
jalan,2018-10-12,7
rakuten,2018-10-12,3
jalan,2018-10-13,2
rakuten,2018-10-13,7
jalan,2018-10-14,1
rakuten,2018-10-14,1
jalan,2018-10-15,1
rakuten,2018-10-15,1
jalan,2018-10-16,1
rakuten,2018-10-16,3
jalan,2018-10-17,1
rakuten,2018-10-17,2
jalan,2018-10-18,2
rakuten,2018-10-18,2
jalan,2018-10-19,1
rakuten,2018-10-19,1
jalan,2018-10-20,1
rakuten,2018-10-20,1
jalan,2018-10-21,0
rakuten,2018-10-21,1
jalan,2018-10-22,1
rakuten,2018-10-22,2
jalan,2018-10-23,1
rakuten,2018-10-23,2
jalan,2018-10-24,1
rakuten,2018-10-24,2
jalan,2018-10-25,1
rakuten,2018-10-25,4
jalan,2018-10-26,0
rakuten,2018-10-26,4
jalan,2018-10-27,2
rakuten,2018-10-27,3
jalan,2018-10-28,2
rakuten,2018-10-28,1
jalan,2018-10-29,0
rakuten,2018-10-29,3
jalan,2018-10-30,1
rakuten,2018-10-30,5
jalan,2018-10-31,1
rakuten,2018-10-31,2
jalan,2018-11-01,2
rakuten,2018-11-01,4
jalan,2018-11-02,4
rakuten,2018-11-02,6
jalan,2018-11-03,4
rakuten,2018-11-03,4
jalan,2018-11-04,0
rakuten,2018-11-04,3
jalan,2018-11-05,0
rakuten,2018-11-05,1
jalan,2018-11-06,0
rakuten,2018-11-06,7
jalan,2018-11-07,2
rakuten,2018-11-07,3
jalan,2018-11-08,1
rakuten,2018-11-08,4
jalan,2018-11-09,3
rakuten,2018-11-09,4
jalan,2018-11-10,3
rakuten,2018-11-10,5
jalan,2018-11-11,0
rakuten,2018-11-11,4
jalan,2018-11-12,3
rakuten,2018-11-12,3
jalan,2018-11-13,0
rakuten,2018-11-13,3
jalan,2018-11-14,0
rakuten,2018-11-14,4
jalan,2018-11-15,1
rakuten,2018-11-15,5
jalan,2018-11-16,3
rakuten,2018-11-16,5
jalan,2018-11-17,2
rakuten,2018-11-17,8
jalan,2018-11-18,2
rakuten,2018-11-18,2
jalan,2018-11-19,1
rakuten,2018-11-19,5
jalan,2018-11-20,0
rakuten,2018-11-20,2
jalan,2018-11-21,0
rakuten,2018-11-21,3
jalan,2018-11-22,1
rakuten,2018-11-22,7
jalan,2018-11-23,2
rakuten,2018-11-23,1
jalan,2018-11-24,0
rakuten,2018-11-24,1
jalan,2018-11-25,0
rakuten,2018-11-25,1
jalan,2018-11-26,1
rakuten,2018-11-26,2
jalan,2018-11-27,1
rakuten,2018-11-27,3
jalan,2018-11-28,1
rakuten,2018-11-28,5
jalan,2018-11-29,2
rakuten,2018-11-29,2
jalan,2018-11-30,3
rakuten,2018-11-30,4
jalan,2018-12-01,1
rakuten,2018-12-01,2
jalan,2018-12-02,1
rakuten,2018-12-02,2
jalan,2018-12-03,2
rakuten,2018-12-03,4
jalan,2018-12-04,1
rakuten,2018-12-04,4
jalan,2018-12-05,1
rakuten,2018-12-05,1
jalan,2018-12-06,0
rakuten,2018-12-06,1
jalan,2018-12-07,0
rakuten,2018-12-07,2
jalan,2018-12-08,1
rakuten,2018-12-08,3
jalan,2018-12-09,2
rakuten,2018-12-09,1
jalan,2018-12-10,1
rakuten,2018-12-10,3
jalan,2018-12-11,0
rakuten,2018-12-11,3
jalan,2018-12-12,0
rakuten,2018-12-12,2
jalan,2018-12-13,0
rakuten,2018-12-13,3
jalan,2018-12-14,0
rakuten,2018-12-14,4
jalan,2018-12-15,1
rakuten,2018-12-15,1
jalan,2018-12-17,1
rakuten,2018-12-17,2
jalan,2018-12-18,1
rakuten,2018-12-18,5
jalan,2018-12-19,0
rakuten,2018-12-19,2
jalan,2018-12-20,2
rakuten,2018-12-20,2
jalan,2018-12-21,0
rakuten,2018-12-21,1
jalan,2018-12-22,1
rakuten,2018-12-22,8
jalan,2018-12-23,1
rakuten,2018-12-23,2
jalan,2018-12-24,0
rakuten,2018-12-24,1
jalan,2018-12-25,0
rakuten,2018-12-25,2
jalan,2018-12-26,0
rakuten,2018-12-26,2
jalan,2018-12-27,1
rakuten,2018-12-27,7
jalan,2018-12-28,1
rakuten,2018-12-28,0
jalan,2018-12-29,1
rakuten,2018-12-29,2
jalan,2018-12-30,1
rakuten,2018-12-30,2
jalan,2018-12-31,0
rakuten,2018-12-31,1
jalan,2019-01-01,3
rakuten,2019-01-01,3
jalan,2019-01-02,0
rakuten,2019-01-02,2
jalan,2019-01-03,1
rakuten,2019-01-03,0
jalan,2019-01-04,1
rakuten,2019-01-04,0
jalan,2019-01-07,1
rakuten,2019-01-07,2
jalan,2019-01-08,0
rakuten,2019-01-08,3
jalan,2019-01-09,0
rakuten,2019-01-09,1
jalan,2019-01-10,0
rakuten,2019-01-10,1
jalan,2019-01-11,1
rakuten,2019-01-11,2
jalan,2019-01-12,0
rakuten,2019-01-12,6
jalan,2019-01-13,0
rakuten,2019-01-13,1
jalan,2019-01-14,0
rakuten,2019-01-14,2
jalan,2019-01-15,0
rakuten,2019-01-15,2
jalan,2019-01-17,0
rakuten,2019-01-17,1
jalan,2019-01-18,0
rakuten,2019-01-18,3
jalan,2019-01-19,1
rakuten,2019-01-19,0
jalan,2019-01-21,0
rakuten,2019-01-21,1
jalan,2019-01-23,0
rakuten,2019-01-23,1
jalan,2019-01-24,0
rakuten,2019-01-24,1
jalan,2019-01-25,2
rakuten,2019-01-25,1
jalan,2019-01-26,0
rakuten,2019-01-26,2
jalan,2019-01-27,0
rakuten,2019-01-27,1
jalan,2019-01-28,1
rakuten,2019-01-28,0
jalan,2019-01-31,0
rakuten,2019-01-31,1
jalan,2019-02-01,0
rakuten,2019-02-01,1
jalan,2019-02-02,0
rakuten,2019-02-02,3
jalan,2019-02-03,0
rakuten,2019-02-03,2
jalan,2019-02-08,1
rakuten,2019-02-08,0
jalan,2019-02-09,0
rakuten,2019-02-09,2
jalan,2019-02-10,0
rakuten,2019-02-10,1
jalan,2019-02-12,0
rakuten,2019-02-12,1
jalan,2019-02-14,0
rakuten,2019-02-14,1
jalan,2019-02-19,0
rakuten,2019-02-19,1
jalan,2019-02-23,1
rakuten,2019-02-23,0
jalan,2019-03-12,0
rakuten,2019-03-12,1
jalan,2019-03-17,0
rakuten,2019-03-17,1
jalan,2019-03-21,0
rakuten,2019-03-21,1
jalan,2019-03-22,0
rakuten,2019-03-22,3
jalan,2019-05-09,1
rakuten,2019-05-09,0
jalan,2019-06-06,1
rakuten,2019-06-06,0
